행정구역,2022년02월_계_총인구수,2022년02월_계_연령구간인구수,2022년02월_계_0~4세,2022년02월_계_5~9세,2022년02월_계_10~14세,2022년02월_남_총인구수,2022년02월_남_연령구간인구수,2022년02월_남_0~4세,2022년02월_남_5~9세,2022년02월_남_10~14세,2022년02월_여_총인구수,2022년02월_여_연령구간인구수,2022년02월_여_0~4세,2022년02월_여_5~9세,2022년02월_여_10~14세
서울특별시 종로구 (1111000000),"144,575","11,799","2,662","4,183","4,954","70,092","5,937","1,349","2,116","2,472","74,483","5,862","1,313","2,067","2,482"
서울특별시 중구 (1114000000),"122,167","9,196","2,870","3,283","3,043","59,446","4,692","1,481","1,701","1,510","62,721","4,504","1,389","1,582","1,533"
서울특별시 용산구 (1117000000),"222,413","19,419","5,731","6,788","6,900","106,881","9,890","2,970","3,447","3,473","115,532","9,529","2,761","3,341","3,427"
서울특별시 성동구 (1120000000),"285,137","27,901","9,033","9,906","8,962","138,866","14,193","4,629","5,005","4,559","146,271","13,708","4,404","4,901","4,403"
서울특별시 광진구 (1121500000),"340,494","29,400","7,204","10,362","11,834","164,226","15,084","3,708","5,315","6,061","176,268","14,316","3,496","5,047","5,773"
서울특별시 동대문구 (1123000000),"337,881","30,266","8,566","10,805","10,895","166,852","15,537","4,348","5,558","5,631","171,029","14,729","4,218","5,247","5,264"
서울특별시 중랑구 (1126000000),"388,606","33,338","9,508","11,819","12,011","191,682","17,078","4,828","6,149","6,101","196,924","16,260","4,680","5,670","5,910"
서울특별시 성북구 (1129000000),"431,892","44,437","11,097","16,049","17,291","208,211","22,729","5,765","8,100","8,864","223,681","21,708","5,332","7,949","8,427"
서울특별시 강북구 (1130500000),"298,074","23,456","5,561","8,276","9,619","145,066","12,057","2,877","4,267","4,913","153,008","11,399","2,684","4,009","4,706"
서울특별시 도봉구 (1132000000),"316,631","28,109","6,769","10,025","11,315","154,046","14,571","3,558","5,182","5,831","162,585","13,538","3,211","4,843","5,484"
서울특별시 노원구 (1135000000),"510,527","53,679","11,933","18,354","23,392","245,744","27,752","6,172","9,456","12,124","264,783","25,927","5,761","8,898","11,268"
서울특별시 은평구 (1138000000),"472,640","44,752","11,368","15,888","17,496","225,941","22,963","5,840","8,164","8,959","246,699","21,789","5,528","7,724","8,537"
서울특별시 서대문구 (1141000000),"305,793","29,349","7,968","10,789","10,592","146,045","14,889","4,131","5,409","5,349","159,748","14,460","3,837","5,380","5,243"
서울특별시 마포구 (1144000000),"368,560","36,788","10,060","13,166","13,562","173,282","18,738","5,187","6,679","6,872","195,278","18,050","4,873","6,487","6,690"
서울특별시 양천구 (1147000000),"446,478","53,720","10,435","18,769","24,516","218,786","27,805","5,463","9,541","12,801","227,692","25,915","4,972","9,228","11,715"
서울특별시 강서구 (1150000000),"573,531","57,109","15,344","20,605","21,160","275,710","29,172","7,806","10,457","10,909","297,821","27,937","7,538","10,148","10,251"
서울특별시 구로구 (1153000000),"396,221","39,934","11,302","14,175","14,457","195,164","20,376","5,844","7,194","7,338","201,057","19,558","5,458","6,981","7,119"
서울특별시 금천구 (1154500000),"230,856","17,892","5,139","6,315","6,438","116,449","9,164","2,671","3,224","3,269","114,407","8,728","2,468","3,091","3,169"
서울특별시 영등포구 (1156000000),"376,884","36,038","11,648","12,747","11,643","185,824","18,467","5,962","6,538","5,967","191,060","17,571","5,686","6,209","5,676"
서울특별시 동작구 (1159000000),"385,490","35,469","9,662","12,898","12,909","186,397","18,238","4,961","6,578","6,699","199,093","17,231","4,701","6,320","6,210"
서울특별시 관악구 (1162000000),"486,209","31,714","8,335","11,130","12,249","244,287","16,294","4,297","5,713","6,284","241,922","15,420","4,038","5,417","5,965"
서울특별시 서초구 (1165000000),"410,682","54,261","11,745","19,437","23,079","196,211","27,707","6,078","9,909","11,720","214,471","26,554","5,667","9,528","11,359"
서울특별시 강남구 (1168000000),"533,286","64,558","12,175","22,318","30,065","255,159","33,477","6,279","11,483","15,715","278,127","31,081","5,896","10,835","14,350"
서울특별시 송파구 (1171000000),"661,452","77,997","20,194","28,330","29,473","318,851","40,026","10,433","14,541","15,052","342,601","37,971","9,761","13,789","14,421"
서울특별시 강동구 (1174000000),"461,972","53,777","14,420","19,434","19,923","226,605","28,143","7,436","10,154","10,553","235,367","25,634","6,984","9,280","9,370"
부산광역시 중구 (2611000000),"40,582","1,939",413,683,843,"19,756",999,231,349,419,"20,826",940,182,334,424
부산광역시 서구 (2614000000),"104,618","8,615","2,007","3,193","3,415","50,597","4,472","1,025","1,691","1,756","54,021","4,143",982,"1,502","1,659"
부산광역시 동구 (2617000000),"88,245","6,250","1,774","2,184","2,292","43,132","3,267",963,"1,136","1,168","45,113","2,983",811,"1,048","1,124"
부산광역시 영도구 (2620000000),"109,991","8,135","1,821","2,939","3,375","54,185","4,124",907,"1,509","1,708","55,806","4,011",914,"1,430","1,667"
부산광역시 부산진구 (2623000000),"351,764","31,332","8,204","11,450","11,678","169,496","15,867","4,215","5,760","5,892","182,268","15,465","3,989","5,690","5,786"
부산광역시 동래구 (2626000000),"273,802","32,943","7,713","12,347","12,883","132,969","17,034","3,939","6,366","6,729","140,833","15,909","3,774","5,981","6,154"
부산광역시 남구 (2629000000),"260,624","27,446","5,903","10,298","11,245","127,295","14,041","3,032","5,228","5,781","133,329","13,405","2,871","5,070","5,464"
부산광역시 북구 (2632000000),"281,749","28,721","7,414","10,527","10,780","139,012","14,786","3,803","5,428","5,555","142,737","13,935","3,611","5,099","5,225"
부산광역시 해운대구 (2635000000),"394,792","44,954","10,128","16,582","18,244","189,702","23,159","5,205","8,597","9,357","205,090","21,795","4,923","7,985","8,887"
부산광역시 사하구 (2638000000),"306,098","30,166","7,142","11,042","11,982","152,207","15,499","3,680","5,664","6,155","153,891","14,667","3,462","5,378","5,827"
부산광역시 금정구 (2641000000),"226,029","19,868","4,406","7,357","8,105","110,501","10,214","2,265","3,782","4,167","115,528","9,654","2,141","3,575","3,938"
부산광역시 강서구 (2644000000),"143,227","27,827","8,282","11,258","8,287","74,161","14,334","4,357","5,786","4,191","69,066","13,493","3,925","5,472","4,096"
부산광역시 연제구 (2647000000),"207,178","21,916","5,741","8,096","8,079","99,714","11,150","2,900","4,075","4,175","107,464","10,766","2,841","4,021","3,904"
부산광역시 수영구 (2650000000),"174,838","15,215","4,149","5,540","5,526","82,451","7,800","2,052","2,887","2,861","92,387","7,415","2,097","2,653","2,665"
부산광역시 사상구 (2653000000),"207,138","17,900","4,403","6,565","6,932","104,446","9,183","2,305","3,329","3,549","102,692","8,717","2,098","3,236","3,383"
부산광역시 기장군 (2671000000),"176,721","27,996","7,046","10,981","9,969","87,487","14,330","3,576","5,607","5,147","89,234","13,666","3,470","5,374","4,822"
대구광역시 중구 (2711000000),"74,710","7,378","2,148","2,790","2,440","35,870","3,797","1,063","1,447","1,287","38,840","3,581","1,085","1,343","1,153"
대구광역시 동구 (2714000000),"341,730","36,903","9,921","13,785","13,197","167,994","18,879","5,107","7,008","6,764","173,736","18,024","4,814","6,777","6,433"
대구광역시 서구 (2717000000),"163,588","11,239","2,437","4,215","4,587","81,680","5,744","1,284","2,154","2,306","81,908","5,495","1,153","2,061","2,281"
대구광역시 남구 (2720000000),"142,558","10,202","2,566","3,693","3,943","68,464","5,274","1,345","1,883","2,046","74,094","4,928","1,221","1,810","1,897"
대구광역시 북구 (2723000000),"436,613","51,314","12,640","18,886","19,788","217,176","26,317","6,460","9,653","10,204","219,437","24,997","6,180","9,233","9,584"
대구광역시 수성구 (2726000000),"416,496","52,616","9,474","18,987","24,155","201,368","27,211","4,909","9,802","12,500","215,128","25,405","4,565","9,185","11,655"
대구광역시 달서구 (2729000000),"543,469","61,879","13,643","22,836","25,400","267,631","31,750","7,005","11,686","13,059","275,838","30,129","6,638","11,150","12,341"
대구광역시 달성군 (2771000000),"261,931","41,641","12,441","15,631","13,569","132,856","21,246","6,344","7,953","6,949","129,075","20,395","6,097","7,678","6,620"
인천광역시 중구 (2811000000),"144,935","18,793","4,878","6,776","7,139","75,334","9,643","2,571","3,452","3,620","69,601","9,150","2,307","3,324","3,519"
인천광역시 동구 (2814000000),"60,848","5,763","1,295","2,056","2,412","30,647","3,003",649,"1,104","1,250","30,201","2,760",646,952,"1,162"
인천광역시 미추홀구 (2817700000),"407,131","41,169","10,841","14,852","15,476","205,029","21,108","5,580","7,525","8,003","202,102","20,061","5,261","7,327","7,473"
인천광역시 연수구 (2818500000),"388,461","59,338","14,729","21,832","22,777","192,816","30,356","7,557","11,108","11,691","195,645","28,982","7,172","10,724","11,086"
인천광역시 남동구 (2820000000),"516,859","61,934","14,381","22,856","24,697","256,765","31,860","7,446","11,782","12,632","260,094","30,074","6,935","11,074","12,065"
인천광역시 부평구 (2823700000),"485,656","49,816","12,258","17,690","19,868","239,739","25,560","6,371","8,926","10,263","245,917","24,256","5,887","8,764","9,605"
인천광역시 계양구 (2824500000),"294,795","28,995","6,900","10,049","12,046","146,824","14,743","3,519","5,111","6,113","147,971","14,252","3,381","4,938","5,933"
인천광역시 서구 (2826000000),"562,119","80,127","20,577","29,543","30,007","283,761","41,147","10,550","15,260","15,337","278,358","38,980","10,027","14,283","14,670"
인천광역시 강화군 (2871000000),"69,801","5,448","1,374","1,797","2,277","34,923","2,836",717,942,"1,177","34,878","2,612",657,855,"1,100"
인천광역시 옹진군 (2872000000),"20,373","1,393",392,479,522,"11,594",707,195,245,267,"8,779",686,197,234,255
광주광역시 동구 (2911000000),"103,299","10,649","3,314","3,910","3,425","50,943","5,472","1,700","2,033","1,739","52,356","5,177","1,614","1,877","1,686"
광주광역시 서구 (2914000000),"290,550","34,005","7,659","12,152","14,194","142,303","17,650","3,914","6,319","7,417","148,247","16,355","3,745","5,833","6,777"
광주광역시 남구 (2915500000),"215,454","28,477","6,251","10,673","11,553","103,497","14,396","3,196","5,436","5,764","111,957","14,081","3,055","5,237","5,789"
광주광역시 북구 (2917000000),"427,139","51,820","13,237","18,517","20,066","211,986","26,816","6,752","9,484","10,580","215,153","25,004","6,485","9,033","9,486"
광주광역시 광산구 (2920000000),"403,590","62,568","14,212","22,662","25,694","203,470","32,065","7,248","11,661","13,156","200,120","30,503","6,964","11,001","12,538"
대전광역시 동구 (3011000000),"221,300","23,262","5,660","8,278","9,324","111,522","12,051","2,939","4,281","4,831","109,778","11,211","2,721","3,997","4,493"
대전광역시 중구 (3014000000),"229,283","23,547","5,275","8,290","9,982","112,856","12,056","2,687","4,239","5,130","116,427","11,491","2,588","4,051","4,852"
대전광역시 서구 (3017000000),"472,935","59,420","14,176","21,590","23,654","232,428","30,626","7,281","11,133","12,212","240,507","28,794","6,895","10,457","11,442"
대전광역시 유성구 (3020000000),"351,887","52,212","13,699","19,218","19,295","177,825","26,868","7,103","9,842","9,923","174,062","25,344","6,596","9,376","9,372"
대전광역시 대덕구 (3023000000),"175,457","17,782","4,300","6,167","7,315","89,181","9,127","2,166","3,127","3,834","86,276","8,655","2,134","3,040","3,481"
울산광역시 중구 (3111000000),"211,948","24,903","5,668","9,264","9,971","107,338","12,960","2,916","4,773","5,271","104,610","11,943","2,752","4,491","4,700"
울산광역시 남구 (3114000000),"312,885","36,541","8,774","13,518","14,249","159,629","18,936","4,480","6,971","7,485","153,256","17,605","4,294","6,547","6,764"
울산광역시 동구 (3117000000),"153,592","21,850","4,966","8,454","8,430","80,173","11,281","2,500","4,334","4,447","73,419","10,569","2,466","4,120","3,983"
울산광역시 북구 (3120000000),"219,067","36,918","9,808","13,946","13,164","113,338","18,939","5,007","7,199","6,733","105,729","17,979","4,801","6,747","6,431"
울산광역시 울주군 (3171000000),"221,954","27,091","6,556","9,680","10,855","114,687","13,916","3,424","4,928","5,564","107,267","13,175","3,132","4,752","5,291"
세종특별자치시  (3611000000),"376,399","73,833","19,954","27,333","26,546","187,858","37,518","10,114","13,991","13,413","188,541","36,315","9,840","13,342","13,133"
경기도 수원시 장안구 (4111100000),"273,339","30,362","6,564","10,685","13,113","137,615","15,585","3,350","5,500","6,735","135,724","14,777","3,214","5,185","6,378"
경기도 수원시 권선구 (4111300000),"368,667","46,821","12,616","17,434","16,771","186,205","24,144","6,493","8,976","8,675","182,462","22,677","6,123","8,458","8,096"
경기도 수원시 팔달구 (4111500000),"181,806","16,060","4,450","5,412","6,198","91,643","8,234","2,279","2,703","3,252","90,163","7,826","2,171","2,709","2,946"
경기도 수원시 영통구 (4111700000),"361,184","54,011","13,392","19,596","21,023","181,209","27,991","6,953","10,185","10,853","179,975","26,020","6,439","9,411","10,170"
경기도 성남시 수정구 (4113100000),"235,616","22,887","6,729","8,086","8,072","119,415","11,630","3,413","4,101","4,116","116,201","11,257","3,316","3,985","3,956"
경기도 성남시 중원구 (4113300000),"209,991","19,390","5,279","6,704","7,407","106,418","9,935","2,641","3,471","3,823","103,573","9,455","2,638","3,233","3,584"
경기도 성남시 분당구 (4113500000),"485,124","65,462","14,866","23,746","26,850","235,327","33,519","7,618","12,207","13,694","249,797","31,943","7,248","11,539","13,156"
경기도 의정부시 (4115000000),"463,977","52,878","13,493","19,099","20,286","228,565","27,337","7,069","9,815","10,453","235,412","25,541","6,424","9,284","9,833"
경기도 안양시 만안구 (4117100000),"236,611","22,678","6,612","7,829","8,237","118,334","11,648","3,293","4,005","4,350","118,277","11,030","3,319","3,824","3,887"
경기도 안양시 동안구 (4117300000),"313,216","39,783","9,767","13,751","16,265","153,473","20,414","4,985","7,022","8,407","159,743","19,369","4,782","6,729","7,858"
경기도 부천시 (4119000000),"803,585","85,094","21,996","30,180","32,918","398,181","43,648","11,381","15,505","16,762","405,404","41,446","10,615","14,675","16,156"
경기도 광명시 (4121000000),"291,331","35,880","8,688","12,754","14,438","143,619","18,316","4,444","6,479","7,393","147,712","17,564","4,244","6,275","7,045"
경기도 평택시 (4122000000),"567,411","78,458","21,697","28,355","28,406","295,924","39,970","10,910","14,489","14,571","271,487","38,488","10,787","13,866","13,835"
경기도 동두천시 (4125000000),"93,395","9,954","2,156","3,579","4,219","46,607","5,042","1,070","1,871","2,101","46,788","4,912","1,086","1,708","2,118"
경기도 안산시 상록구 (4127100000),"349,515","36,652","8,534","12,908","15,210","178,419","18,767","4,354","6,624","7,789","171,096","17,885","4,180","6,284","7,421"
경기도 안산시 단원구 (4127300000),"301,904","32,879","8,665","11,008","13,206","155,662","16,953","4,459","5,621","6,873","146,242","15,926","4,206","5,387","6,333"
경기도 고양시 덕양구 (4128100000),"483,743","57,802","15,763","21,143","20,896","238,575","29,450","7,986","10,777","10,687","245,168","28,352","7,777","10,366","10,209"
경기도 고양시 일산동구 (4128500000),"298,563","33,531","7,640","12,070","13,821","145,182","17,242","3,871","6,235","7,136","153,381","16,289","3,769","5,835","6,685"
경기도 고양시 일산서구 (4128700000),"296,466","36,133","7,996","12,691","15,446","143,718","18,303","4,017","6,437","7,849","152,748","17,830","3,979","6,254","7,597"
경기도 과천시 (4129000000),"77,632","11,089","3,175","4,083","3,831","38,213","5,739","1,652","2,118","1,969","39,419","5,350","1,523","1,965","1,862"
경기도 구리시 (4131000000),"191,322","22,164","5,506","8,209","8,449","94,831","11,385","2,834","4,259","4,292","96,491","10,779","2,672","3,950","4,157"
경기도 남양주시 (4136000000),"733,995","103,698","24,372","38,306","41,020","365,147","53,318","12,628","19,597","21,093","368,848","50,380","11,744","18,709","19,927"
경기도 오산시 (4137000000),"229,909","34,663","8,345","13,017","13,301","119,393","17,729","4,286","6,618","6,825","110,516","16,934","4,059","6,399","6,476"
경기도 시흥시 (4139000000),"511,839","73,198","19,974","27,093","26,131","267,286","37,205","10,106","13,780","13,319","244,553","35,993","9,868","13,313","12,812"
경기도 군포시 (4141000000),"267,294","30,433","7,501","10,711","12,221","132,546","15,642","3,854","5,462","6,326","134,748","14,791","3,647","5,249","5,895"
경기도 의왕시 (4143000000),"162,761","19,324","5,300","7,146","6,878","80,826","9,947","2,784","3,621","3,542","81,935","9,377","2,516","3,525","3,336"
경기도 하남시 (4145000000),"322,697","49,395","13,731","19,217","16,447","161,351","25,134","7,064","9,814","8,256","161,346","24,261","6,667","9,403","8,191"
경기도 용인시 처인구 (4146100000),"260,029","32,384","7,911","11,783","12,690","133,417","16,598","4,091","6,014","6,493","126,612","15,786","3,820","5,769","6,197"
경기도 용인시 기흥구 (4146300000),"441,173","65,058","15,050","23,945","26,063","217,739","33,333","7,729","12,272","13,332","223,434","31,725","7,321","11,673","12,731"
경기도 용인시 수지구 (4146500000),"375,137","58,094","13,121","21,449","23,524","182,756","29,534","6,612","10,941","11,981","192,381","28,560","6,509","10,508","11,543"
경기도 파주시 (4148000000),"485,672","69,884","17,310","25,896","26,678","246,377","35,626","8,870","13,164","13,592","239,295","34,258","8,440","12,732","13,086"
경기도 이천시 (4150000000),"222,655","28,717","7,082","10,538","11,097","115,556","14,791","3,671","5,427","5,693","107,099","13,926","3,411","5,111","5,404"
경기도 안성시 (4155000000),"189,535","22,017","5,110","7,856","9,051","97,918","11,333","2,666","4,040","4,627","91,617","10,684","2,444","3,816","4,424"
경기도 김포시 (4157000000),"486,334","81,363","21,362","31,551","28,450","243,242","41,485","11,049","15,943","14,493","243,092","39,878","10,313","15,608","13,957"
경기도 화성시 (4159000000),"889,398","157,289","41,397","58,771","57,121","462,137","80,188","21,180","29,880","29,128","427,261","77,101","20,217","28,891","27,993"
경기도 광주시 (4161000000),"387,646","50,676","14,066","18,922","17,688","197,783","25,872","7,118","9,727","9,027","189,863","24,804","6,948","9,195","8,661"
경기도 양주시 (4163000000),"236,327","31,830","7,759","11,684","12,387","119,794","16,084","3,971","5,901","6,212","116,533","15,746","3,788","5,783","6,175"
경기도 포천시 (4165000000),"148,765","13,500","3,338","4,670","5,492","78,859","7,008","1,712","2,411","2,885","69,906","6,492","1,626","2,259","2,607"
경기도 여주시 (4167000000),"112,469","11,500","2,725","4,092","4,683","57,214","5,958","1,356","2,151","2,451","55,255","5,542","1,369","1,941","2,232"
경기도 연천군 (4180000000),"42,725","3,991","1,085","1,417","1,489","22,402","2,037",542,730,765,"20,323","1,954",543,687,724
경기도 가평군 (4182000000),"62,247","5,296","1,302","1,798","2,196","32,105","2,654",646,903,"1,105","30,142","2,642",656,895,"1,091"
경기도 양평군 (4183000000),"121,364","12,028","2,710","4,287","5,031","60,919","6,172","1,394","2,212","2,566","60,445","5,856","1,316","2,075","2,465"
강원도 춘천시 (4211000000),"285,202","33,962","8,654","12,086","13,222","140,856","17,478","4,413","6,183","6,882","144,346","16,484","4,241","5,903","6,340"
강원도 원주시 (4213000000),"358,647","45,217","11,565","15,697","17,955","177,793","23,162","5,916","7,996","9,250","180,854","22,055","5,649","7,701","8,705"
강원도 강릉시 (4215000000),"212,767","21,506","5,207","7,513","8,786","105,554","11,100","2,712","3,846","4,542","107,213","10,406","2,495","3,667","4,244"
강원도 동해시 (4217000000),"89,950","10,389","2,375","3,823","4,191","45,713","5,374","1,228","1,970","2,176","44,237","5,015","1,147","1,853","2,015"
강원도 태백시 (4219000000),"40,515","4,010",839,"1,404","1,767","20,489","2,080",454,737,889,"20,026","1,930",385,667,878
강원도 속초시 (4221000000),"82,790","9,099","2,251","3,337","3,511","41,074","4,648","1,164","1,671","1,813","41,716","4,451","1,087","1,666","1,698"
강원도 삼척시 (4223000000),"63,730","5,863","1,558","2,006","2,299","32,214","2,995",760,"1,039","1,196","31,516","2,868",798,967,"1,103"
강원도 홍천군 (4272000000),"68,177","5,850","1,467","2,029","2,354","35,111","2,985",735,"1,057","1,193","33,066","2,865",732,972,"1,161"
강원도 횡성군 (4273000000),"46,459","3,549",889,"1,213","1,447","23,837","1,861",478,635,748,"22,622","1,688",411,578,699
강원도 영월군 (4275000000),"37,954","2,706",629,925,"1,152","19,645","1,430",331,498,601,"18,309","1,276",298,427,551
강원도 평창군 (4276000000),"41,162","3,022",658,"1,065","1,299","21,182","1,528",327,531,670,"19,980","1,494",331,534,629
강원도 정선군 (4277000000),"35,527","2,772",644,939,"1,189","18,492","1,420",312,495,613,"17,035","1,352",332,444,576
강원도 철원군 (4278000000),"43,044","4,757","1,495","1,588","1,674","22,291","2,411",725,800,886,"20,753","2,346",770,788,788
강원도 화천군 (4279000000),"24,094","2,504",769,899,836,"13,082","1,265",412,461,392,"11,012","1,239",357,438,444
강원도 양구군 (4280000000),"21,651","2,459",780,838,841,"11,396","1,241",385,422,434,"10,255","1,218",395,416,407
강원도 인제군 (4281000000),"32,192","3,632","1,218","1,271","1,143","17,504","1,868",609,645,614,"14,688","1,764",609,626,529
강원도 고성군 (4282000000),"27,326","2,125",572,795,758,"14,091","1,110",283,414,413,"13,235","1,015",289,381,345
강원도 양양군 (4283000000),"27,864","2,083",484,755,844,"14,219","1,075",245,390,440,"13,645","1,008",239,365,404
충청북도 청주시 상당구 (4311100000),"194,558","25,870","6,475","9,480","9,915","96,582","13,165","3,237","4,819","5,109","97,976","12,705","3,238","4,661","4,806"
충청북도 청주시 서원구 (4311200000),"193,031","21,913","5,041","7,573","9,299","96,056","11,267","2,618","3,836","4,813","96,975","10,646","2,423","3,737","4,486"
충청북도 청주시 흥덕구 (4311300000),"267,343","36,521","9,979","13,138","13,404","135,779","18,679","5,016","6,782","6,881","131,564","17,842","4,963","6,356","6,523"
충청북도 청주시 청원구 (4311400000),"194,097","29,101","7,769","10,877","10,455","99,814","14,867","4,020","5,521","5,326","94,283","14,234","3,749","5,356","5,129"
충청북도 충주시 (4313000000),"209,159","22,872","5,571","8,086","9,215","105,853","11,642","2,828","4,050","4,764","103,306","11,230","2,743","4,036","4,451"
충청북도 제천시 (4315000000),"131,498","13,566","3,212","4,823","5,531","66,139","6,916","1,657","2,453","2,806","65,359","6,650","1,555","2,370","2,725"
충청북도 보은군 (4372000000),"31,812","2,265",527,782,956,"16,035","1,192",275,405,512,"15,777","1,073",252,377,444
충청북도 옥천군 (4373000000),"49,959","4,234",868,"1,465","1,901","25,177","2,207",472,739,996,"24,782","2,027",396,726,905
충청북도 영동군 (4374000000),"45,548","3,517",822,"1,176","1,519","22,686","1,830",437,583,810,"22,862","1,687",385,593,709
충청북도 증평군 (4374500000),"36,729","4,756","1,188","1,739","1,829","19,139","2,481",610,920,951,"17,590","2,275",578,819,878
충청북도 진천군 (4375000000),"85,557","11,767","3,069","4,310","4,388","44,946","6,094","1,617","2,198","2,279","40,611","5,673","1,452","2,112","2,109"
충청북도 괴산군 (4376000000),"37,405","2,131",459,759,913,"19,271","1,063",240,380,443,"18,134","1,068",219,379,470
충청북도 음성군 (4377000000),"92,171","9,019","2,055","3,289","3,675","48,901","4,683","1,050","1,714","1,919","43,270","4,336","1,005","1,575","1,756"
충청북도 단양군 (4380000000),"28,155","1,893",423,630,840,"14,271","1,010",225,334,451,"13,884",883,198,296,389
충청남도 천안시 동남구 (4413100000),"255,083","31,374","7,286","11,209","12,879","129,350","16,225","3,785","5,777","6,663","125,733","15,149","3,501","5,432","6,216"
충청남도 천안시 서북구 (4413300000),"401,842","60,723","16,756","22,247","21,720","206,601","31,136","8,610","11,264","11,262","195,241","29,587","8,146","10,983","10,458"
충청남도 공주시 (4415000000),"102,960","8,920","2,008","3,174","3,738","51,419","4,629","1,025","1,682","1,922","51,541","4,291",983,"1,492","1,816"
충청남도 보령시 (4418000000),"97,967","9,439","2,212","3,298","3,929","49,672","4,771","1,129","1,666","1,976","48,295","4,668","1,083","1,632","1,953"
충청남도 아산시 (4420000000),"327,717","51,307","12,676","19,031","19,600","170,587","26,371","6,493","9,791","10,087","157,130","24,936","6,183","9,240","9,513"
충청남도 서산시 (4421000000),"176,559","23,453","5,996","8,512","8,945","92,057","12,039","3,016","4,335","4,688","84,502","11,414","2,980","4,177","4,257"
충청남도 논산시 (4423000000),"114,340","11,210","2,680","3,956","4,574","57,064","5,757","1,368","2,006","2,383","57,276","5,453","1,312","1,950","2,191"
충청남도 계룡시 (4425000000),"43,473","6,734","1,319","2,433","2,982","21,681","3,443",672,"1,209","1,562","21,792","3,291",647,"1,224","1,420"
충청남도 당진시 (4427000000),"166,894","22,993","5,859","8,469","8,665","88,875","11,809","3,016","4,254","4,539","78,019","11,184","2,843","4,215","4,126"
충청남도 금산군 (4471000000),"50,351","4,337",829,"1,420","2,088","25,412","2,230",390,743,"1,097","24,939","2,107",439,677,991
충청남도 부여군 (4476000000),"63,488","4,636",907,"1,692","2,037","31,503","2,461",491,895,"1,075","31,985","2,175",416,797,962
충청남도 서천군 (4477000000),"50,644","3,637",828,"1,270","1,539","25,004","1,829",420,635,774,"25,640","1,808",408,635,765
충청남도 청양군 (4479000000),"30,390","2,043",464,691,888,"15,444","1,062",246,347,469,"14,946",981,218,344,419
충청남도 홍성군 (4480000000),"99,264","12,122","2,983","4,284","4,855","49,399","6,246","1,539","2,234","2,473","49,865","5,876","1,444","2,050","2,382"
충청남도 예산군 (4481000000),"76,540","5,800","1,231","2,004","2,565","38,455","3,033",624,"1,055","1,354","38,085","2,767",607,949,"1,211"
충청남도 태안군 (4482500000),"61,400","4,812","1,070","1,719","2,023","30,984","2,467",545,858,"1,064","30,416","2,345",525,861,959
전라북도 전주시 완산구 (4511100000),"334,790","38,955","8,585","14,070","16,300","163,000","20,071","4,440","7,233","8,398","171,790","18,884","4,145","6,837","7,902"
전라북도 전주시 덕진구 (4511300000),"321,541","46,359","10,909","17,143","18,307","159,944","23,660","5,546","8,745","9,369","161,597","22,699","5,363","8,398","8,938"
전라북도 군산시 (4513000000),"264,949","32,383","7,126","11,997","13,260","134,073","16,556","3,601","6,128","6,827","130,876","15,827","3,525","5,869","6,433"
전라북도 익산시 (4514000000),"277,444","30,064","6,487","10,734","12,843","138,133","15,380","3,289","5,555","6,536","139,311","14,684","3,198","5,179","6,307"
전라북도 정읍시 (4518000000),"106,403","10,160","2,216","3,543","4,401","52,896","5,292","1,133","1,822","2,337","53,507","4,868","1,083","1,721","2,064"
전라북도 남원시 (4519000000),"79,099","7,839","1,895","2,632","3,312","38,802","4,120",995,"1,399","1,726","40,297","3,719",900,"1,233","1,586"
전라북도 김제시 (4521000000),"80,869","6,742","1,438","2,371","2,933","40,169","3,454",722,"1,260","1,472","40,700","3,288",716,"1,111","1,461"
전라북도 완주군 (4571000000),"91,072","10,514","2,296","3,934","4,284","46,842","5,348","1,117","1,990","2,241","44,230","5,166","1,179","1,944","2,043"
전라북도 진안군 (4572000000),"24,974","1,870",539,577,754,"12,678",950,287,258,405,"12,296",920,252,319,349
전라북도 무주군 (4573000000),"23,744","1,959",391,675,893,"11,835","1,020",194,375,451,"11,909",939,197,300,442
전라북도 장수군 (4574000000),"21,644","1,832",395,621,816,"10,798",949,201,324,424,"10,846",883,194,297,392
전라북도 임실군 (4575000000),"26,705","2,050",644,619,787,"13,663","1,063",345,307,411,"13,042",987,299,312,376
전라북도 순창군 (4577000000),"26,730","2,234",534,691,"1,009","13,116","1,152",258,384,510,"13,614","1,082",276,307,499
전라북도 고창군 (4579000000),"53,269","4,384",971,"1,466","1,947","26,441","2,311",525,769,"1,017","26,828","2,073",446,697,930
전라북도 부안군 (4580000000),"50,690","3,980",906,"1,394","1,680","25,221","2,081",472,744,865,"25,469","1,899",434,650,815
전라남도 목포시 (4611000000),"218,605","28,202","5,606","10,456","12,140","108,802","14,496","2,910","5,407","6,179","109,803","13,706","2,696","5,049","5,961"
전라남도 여수시 (4613000000),"276,544","31,847","7,812","11,451","12,584","140,955","16,169","3,992","5,798","6,379","135,589","15,678","3,820","5,653","6,205"
전라남도 순천시 (4615000000),"280,607","36,772","9,047","13,254","14,471","140,048","18,952","4,658","6,777","7,517","140,559","17,820","4,389","6,477","6,954"
전라남도 나주시 (4617000000),"116,749","14,916","4,204","5,491","5,221","58,896","7,670","2,187","2,817","2,666","57,853","7,246","2,017","2,674","2,555"
전라남도 광양시 (4623000000),"151,637","20,528","5,351","7,263","7,914","79,192","10,514","2,690","3,727","4,097","72,445","10,014","2,661","3,536","3,817"
전라남도 담양군 (4671000000),"46,216","3,560",951,"1,207","1,402","23,431","1,796",452,597,747,"22,785","1,764",499,610,655
전라남도 곡성군 (4672000000),"27,475","1,799",328,639,832,"13,510",943,166,339,438,"13,965",856,162,300,394
전라남도 구례군 (4673000000),"25,149","1,887",375,658,854,"12,238",938,181,311,446,"12,911",949,194,347,408
전라남도 고흥군 (4677000000),"62,606","4,047","1,022","1,338","1,687","30,504","2,077",513,663,901,"32,102","1,970",509,675,786
전라남도 보성군 (4678000000),"39,251","2,677",609,888,"1,180","19,146","1,358",304,474,580,"20,105","1,319",305,414,600
전라남도 화순군 (4679000000),"62,650","5,792","1,258","1,958","2,576","30,942","2,974",645,986,"1,343","31,708","2,818",613,972,"1,233"
전라남도 장흥군 (4680000000),"36,405","3,004",731,"1,043","1,230","17,743","1,517",365,514,638,"18,662","1,487",366,529,592
전라남도 강진군 (4681000000),"33,620","2,684",617,902,"1,165","16,308","1,360",291,466,603,"17,312","1,324",326,436,562
전라남도 해남군 (4682000000),"67,071","5,950","1,629","1,930","2,391","33,277","3,033",857,961,"1,215","33,794","2,917",772,969,"1,176"
전라남도 영암군 (4683000000),"52,946","5,238","1,331","1,817","2,090","27,511","2,682",685,919,"1,078","25,435","2,556",646,898,"1,012"
전라남도 무안군 (4684000000),"91,013","13,405","3,021","5,035","5,349","45,775","6,873","1,565","2,599","2,709","45,238","6,532","1,456","2,436","2,640"
전라남도 함평군 (4686000000),"31,126","2,122",485,684,953,"15,675","1,123",253,352,518,"15,451",999,232,332,435
전라남도 영광군 (4687000000),"51,980","5,565","1,971","1,638","1,956","25,949","2,822",983,822,"1,017","26,031","2,743",988,816,939
전라남도 장성군 (4688000000),"43,356","3,942",963,"1,432","1,547","22,222","2,004",495,701,808,"21,134","1,938",468,731,739
전라남도 완도군 (4689000000),"48,415","4,572","1,198","1,660","1,714","24,374","2,363",614,868,881,"24,041","2,209",584,792,833
전라남도 진도군 (4690000000),"29,969","2,567",642,888,"1,037","14,859","1,266",308,443,515,"15,110","1,301",334,445,522
전라남도 신안군 (4691000000),"38,061","2,326",628,767,931,"20,396","1,189",323,384,482,"17,665","1,137",305,383,449
경상북도 포항시 남구 (4711100000),"230,268","26,861","5,868","10,243","10,750","119,182","13,908","3,016","5,300","5,592","111,086","12,953","2,852","4,943","5,158"
경상북도 포항시 북구 (4711300000),"272,436","33,424","8,121","12,558","12,745","135,553","17,344","4,208","6,555","6,581","136,883","16,080","3,913","6,003","6,164"
경상북도 경주시 (4713000000),"251,505","25,079","6,085","9,047","9,947","125,820","12,861","3,132","4,616","5,113","125,685","12,218","2,953","4,431","4,834"
경상북도 김천시 (4715000000),"140,039","15,810","4,256","5,587","5,967","70,215","8,245","2,205","2,879","3,161","69,824","7,565","2,051","2,708","2,806"
경상북도 안동시 (4717000000),"156,533","16,396","4,003","5,815","6,578","77,396","8,540","2,058","3,035","3,447","79,137","7,856","1,945","2,780","3,131"
경상북도 구미시 (4719000000),"411,476","60,828","14,950","23,068","22,810","211,543","31,407","7,659","11,900","11,848","199,933","29,421","7,291","11,168","10,962"
경상북도 영주시 (4721000000),"101,786","9,899","2,128","3,550","4,221","50,515","5,073","1,106","1,841","2,126","51,271","4,826","1,022","1,709","2,095"
경상북도 영천시 (4723000000),"101,513","8,577","2,595","2,874","3,108","51,553","4,431","1,321","1,460","1,650","49,960","4,146","1,274","1,414","1,458"
경상북도 상주시 (4725000000),"95,849","8,357","1,936","2,928","3,493","47,021","4,378","1,002","1,545","1,831","48,828","3,979",934,"1,383","1,662"
경상북도 문경시 (4728000000),"71,106","6,302","1,620","2,161","2,521","34,863","3,278",825,"1,098","1,355","36,243","3,024",795,"1,063","1,166"
경상북도 경산시 (4729000000),"268,087","30,924","7,901","11,526","11,497","134,850","15,816","4,054","5,833","5,929","133,237","15,108","3,847","5,693","5,568"
경상북도 군위군 (4772000000),"23,053","1,061",269,336,456,"11,799",585,143,189,253,"11,254",476,126,147,203
경상북도 의성군 (4773000000),"50,487","2,805",900,875,"1,030","24,753","1,481",488,449,544,"25,734","1,324",412,426,486
경상북도 청송군 (4775000000),"24,546","1,436",407,498,531,"12,275",767,230,244,293,"12,271",669,177,254,238
경상북도 영양군 (4776000000),"16,248","1,086",278,376,432,"8,108",564,142,197,225,"8,140",522,136,179,207
경상북도 영덕군 (4777000000),"35,187","2,402",621,822,959,"16,730","1,223",299,433,491,"18,457","1,179",322,389,468
경상북도 청도군 (4782000000),"41,856","2,444",583,821,"1,040","20,592","1,234",299,420,515,"21,264","1,210",284,401,525
경상북도 고령군 (4783000000),"30,610","2,181",532,753,896,"15,722","1,123",270,394,459,"14,888","1,058",262,359,437
경상북도 성주군 (4784000000),"42,972","2,880",938,874,"1,068","22,308","1,469",470,450,549,"20,664","1,411",468,424,519
경상북도 칠곡군 (4785000000),"113,664","14,256","3,048","5,438","5,770","59,207","7,347","1,557","2,827","2,963","54,457","6,909","1,491","2,611","2,807"
경상북도 예천군 (4790000000),"55,704","6,862","1,805","2,579","2,478","27,381","3,494",913,"1,305","1,276","28,323","3,368",892,"1,274","1,202"
경상북도 봉화군 (4792000000),"30,635","2,017",499,688,830,"15,488","1,052",248,365,439,"15,147",965,251,323,391
경상북도 울진군 (4793000000),"47,552","4,294","1,130","1,502","1,662","23,877","2,244",597,764,883,"23,675","2,050",533,738,779
경상북도 울릉군 (4794000000),"8,914",588,154,217,217,"4,887",295,79,109,107,"4,027",293,75,108,110
경상남도 창원시 의창구 (4812100000),"217,623","26,817","6,861","9,977","9,979","110,869","13,769","3,512","5,102","5,155","106,754","13,048","3,349","4,875","4,824"
경상남도 창원시 성산구 (4812300000),"250,618","30,478","7,199","10,845","12,434","127,772","15,759","3,693","5,595","6,471","122,846","14,719","3,506","5,250","5,963"
경상남도 창원시 마산합포구 (4812500000),"181,306","20,565","5,100","7,970","7,495","90,148","10,618","2,609","4,161","3,848","91,158","9,947","2,491","3,809","3,647"
경상남도 창원시 마산회원구 (4812700000),"186,028","20,592","4,415","7,548","8,629","93,202","10,643","2,241","3,923","4,479","92,826","9,949","2,174","3,625","4,150"
경상남도 창원시 진해구 (4812900000),"194,736","29,336","6,892","10,920","11,524","100,021","15,129","3,571","5,732","5,826","94,715","14,207","3,321","5,188","5,698"
경상남도 진주시 (4817000000),"346,328","44,028","10,354","16,084","17,590","171,158","22,859","5,355","8,316","9,188","175,170","21,169","4,999","7,768","8,402"
경상남도 통영시 (4822000000),"124,941","15,151","2,697","5,600","6,854","62,662","7,631","1,327","2,826","3,478","62,279","7,520","1,370","2,774","3,376"
경상남도 사천시 (4824000000),"109,743","12,855","2,789","4,671","5,395","55,336","6,636","1,449","2,420","2,767","54,407","6,219","1,340","2,251","2,628"
경상남도 김해시 (4825000000),"537,125","75,755","17,464","27,790","30,501","271,662","38,699","9,048","14,086","15,565","265,463","37,056","8,416","13,704","14,936"
경상남도 밀양시 (4827000000),"103,361","8,838","2,033","3,126","3,679","50,789","4,539","1,058","1,587","1,894","52,572","4,299",975,"1,539","1,785"
경상남도 거제시 (4831000000),"240,059","38,820","8,319","15,310","15,191","125,673","20,055","4,336","7,882","7,837","114,386","18,765","3,983","7,428","7,354"
경상남도 양산시 (4833000000),"354,489","50,774","13,081","19,141","18,552","177,713","25,974","6,704","9,803","9,467","176,776","24,800","6,377","9,338","9,085"
경상남도 의령군 (4872000000),"26,332","1,668",423,560,685,"12,979",870,205,312,353,"13,353",798,218,248,332
경상남도 함안군 (4873000000),"62,461","6,485","1,220","2,291","2,974","31,792","3,317",628,"1,157","1,532","30,669","3,168",592,"1,134","1,442"
경상남도 창녕군 (4874000000),"59,950","4,743","1,139","1,673","1,931","29,905","2,511",590,862,"1,059","30,045","2,232",549,811,872
경상남도 고성군 (4882000000),"50,224","4,145",711,"1,509","1,925","25,193","2,174",374,747,"1,053","25,031","1,971",337,762,872
경상남도 남해군 (4884000000),"42,235","2,851",570,946,"1,335","20,463","1,542",289,492,761,"21,772","1,309",281,454,574
경상남도 하동군 (4885000000),"43,256","2,911",668,945,"1,298","21,589","1,536",348,487,701,"21,667","1,375",320,458,597
경상남도 산청군 (4886000000),"34,244","2,093",474,679,940,"16,883","1,126",234,354,538,"17,361",967,240,325,402
경상남도 함양군 (4887000000),"38,321","2,996",617,"1,072","1,307","18,540","1,539",303,561,675,"19,781","1,457",314,511,632
경상남도 거창군 (4888000000),"60,828","6,082","1,294","2,157","2,631","29,844","3,166",678,"1,115","1,373","30,984","2,916",616,"1,042","1,258"
경상남도 합천군 (4889000000),"42,797","2,553",554,864,"1,135","20,714","1,332",283,460,589,"22,083","1,221",271,404,546
제주특별자치도 제주시 (5011000000),"492,919","70,397","17,348","26,016","27,033","246,383","36,263","8,891","13,381","13,991","246,536","34,134","8,457","12,635","13,042"
제주특별자치도 서귀포시 (5013000000),"184,224","23,681","5,448","8,828","9,405","92,865","12,175","2,836","4,495","4,844","91,359","11,506","2,612","4,333","4,561"
