행정구역,2022년02월_계_총인구수,2022년02월_계_연령구간인구수,2022년02월_계_0~9세,2022년02월_계_10~19세,2022년02월_계_20~29세,2022년02월_계_30~39세,2022년02월_계_40~49세,2022년02월_계_50~59세,2022년02월_계_60~69세,2022년02월_계_70~79세,2022년02월_계_80~89세,2022년02월_계_90~99세,2022년02월_계_100세 이상,2022년02월_남_총인구수,2022년02월_남_연령구간인구수,2022년02월_남_0~9세,2022년02월_남_10~19세,2022년02월_남_20~29세,2022년02월_남_30~39세,2022년02월_남_40~49세,2022년02월_남_50~59세,2022년02월_남_60~69세,2022년02월_남_70~79세,2022년02월_남_80~89세,2022년02월_남_90~99세,2022년02월_남_100세 이상,2022년02월_여_총인구수,2022년02월_여_연령구간인구수,2022년02월_여_0~9세,2022년02월_여_10~19세,2022년02월_여_20~29세,2022년02월_여_30~39세,2022년02월_여_40~49세,2022년02월_여_50~59세,2022년02월_여_60~69세,2022년02월_여_70~79세,2022년02월_여_80~89세,2022년02월_여_90~99세,2022년02월_여_100세 이상
서울특별시 종로구 (1111000000),"144,575","144,575","6,845","10,436","22,740","19,394","20,878","24,922","20,471","11,656","6,244",952,37,"70,092","70,092","3,465","5,192","10,923","9,665","10,076","12,515","10,241","5,189","2,521",294,11,"74,483","74,483","3,380","5,244","11,817","9,729","10,802","12,407","10,230","6,467","3,723",658,26
서울특별시 중구 (1114000000),"122,167","122,167","6,153","6,508","18,143","19,820","17,288","19,970","18,101","10,231","5,087",838,28,"59,446","59,446","3,182","3,232","8,363","9,915","8,831","10,147","9,025","4,636","1,879",224,12,"62,721","62,721","2,971","3,276","9,780","9,905","8,457","9,823","9,076","5,595","3,208",614,16
서울특별시 용산구 (1117000000),"222,413","222,413","12,519","14,637","32,451","37,629","33,598","35,998","29,388","15,969","8,712","1,437",75,"106,881","106,881","6,417","7,412","15,232","18,633","16,539","17,726","14,217","6,983","3,266",436,20,"115,532","115,532","6,102","7,225","17,219","18,996","17,059","18,272","15,171","8,986","5,446","1,001",55
서울특별시 성동구 (1120000000),"285,137","285,137","18,939","18,953","43,043","46,408","43,201","45,965","38,032","20,193","9,178","1,174",51,"138,866","138,866","9,634","9,421","21,193","22,783","21,669","22,769","18,605","8,992","3,476",307,17,"146,271","146,271","9,305","9,532","21,850","23,625","21,532","23,196","19,427","11,201","5,702",867,34
서울특별시 광진구 (1121500000),"340,494","340,494","17,566","24,807","61,628","54,732","50,430","53,826","44,441","22,024","9,697","1,286",57,"164,226","164,226","9,023","12,539","28,873","27,180","24,814","26,319","21,165","10,075","3,873",350,15,"176,268","176,268","8,543","12,268","32,755","27,552","25,616","27,507","23,276","11,949","5,824",936,42
서울특별시 동대문구 (1123000000),"337,881","337,881","19,371","23,042","56,357","48,766","49,068","52,112","47,814","27,433","12,347","1,501",70,"166,852","166,852","9,906","11,639","27,562","25,105","25,290","26,411","23,231","12,391","4,899",401,17,"171,029","171,029","9,465","11,403","28,795","23,661","23,778","25,701","24,583","15,042","7,448","1,100",53
서울특별시 중랑구 (1126000000),"388,606","388,606","21,327","25,355","54,062","57,492","55,857","67,207","61,248","31,295","13,069","1,628",66,"191,682","191,682","10,977","12,901","26,523","29,578","28,940","33,218","29,695","14,286","5,184",361,19,"196,924","196,924","10,350","12,454","27,539","27,914","26,917","33,989","31,553","17,009","7,885","1,267",47
서울특별시 성북구 (1129000000),"431,892","431,892","27,146","36,427","65,578","58,236","67,594","69,491","57,211","32,616","15,448","2,074",71,"208,211","208,211","13,865","18,492","31,461","29,124","33,246","34,293","26,892","14,179","6,121",525,13,"223,681","223,681","13,281","17,935","34,117","29,112","34,348","35,198","30,319","18,437","9,327","1,549",58
서울특별시 강북구 (1130500000),"298,074","298,074","13,837","20,588","40,857","36,714","43,564","51,480","47,375","29,290","12,827","1,499",43,"145,066","145,066","7,144","10,489","19,970","19,220","22,457","25,397","22,190","12,615","5,166",408,10,"153,008","153,008","6,693","10,099","20,887","17,494","21,107","26,083","25,185","16,675","7,661","1,091",33
서울특별시 도봉구 (1132000000),"316,631","316,631","16,794","24,082","41,175","38,898","45,930","55,895","51,734","27,526","12,799","1,710",88,"154,046","154,046","8,740","12,382","20,844","19,889","22,792","26,777","24,451","12,637","5,046",458,30,"162,585","162,585","8,054","11,700","20,331","19,009","23,138","29,118","27,283","14,889","7,753","1,252",58
서울특별시 노원구 (1135000000),"510,527","510,527","30,287","50,342","69,554","62,806","81,475","86,889","71,249","37,488","17,721","2,621",95,"245,744","245,744","15,628","26,064","35,589","31,253","38,869","41,952","33,102","16,345","6,279",647,16,"264,783","264,783","14,659","24,278","33,965","31,553","42,606","44,937","38,147","21,143","11,442","1,974",79
서울특별시 은평구 (1138000000),"472,640","472,640","27,256","37,005","64,851","66,502","73,989","77,257","67,452","38,555","17,568","2,134",71,"225,941","225,941","14,004","18,920","30,894","32,590","36,593","37,238","31,165","16,796","7,132",596,13,"246,699","246,699","13,252","18,085","33,957","33,912","37,396","40,019","36,287","21,759","10,436","1,538",58
서울특별시 서대문구 (1141000000),"305,793","305,793","18,757","22,617","49,007","44,189","45,376","48,831","40,033","23,259","12,068","1,581",75,"146,045","146,045","9,540","11,292","23,246","21,865","22,377","23,784","18,898","9,928","4,676",422,17,"159,748","159,748","9,217","11,325","25,761","22,324","22,999","25,047","21,135","13,331","7,392","1,159",58
서울특별시 마포구 (1144000000),"368,560","368,560","23,226","27,726","61,392","63,132","59,690","55,103","41,391","23,415","11,736","1,674",75,"173,282","173,282","11,866","13,994","27,413","29,840","28,930","27,011","19,315","9,873","4,541",478,21,"195,278","195,278","11,360","13,732","33,979","33,292","30,760","28,092","22,076","13,542","7,195","1,196",54
서울특별시 양천구 (1147000000),"446,478","446,478","29,204","49,190","56,898","55,233","76,339","76,022","60,760","29,494","11,527","1,757",54,"218,786","218,786","15,004","25,716","28,828","27,308","36,450","37,860","29,037","13,885","4,274",413,11,"227,692","227,692","14,200","23,474","28,070","27,925","39,889","38,162","31,723","15,609","7,253","1,344",43
서울특별시 강서구 (1150000000),"573,531","573,531","35,949","43,312","85,296","97,547","89,265","84,051","79,847","39,725","15,891","2,561",87,"275,710","275,710","18,263","22,164","38,959","49,086","44,808","40,507","36,882","18,614","5,830",578,19,"297,821","297,821","17,686","21,148","46,337","48,461","44,457","43,544","42,965","21,111","10,061","1,983",68
서울특별시 구로구 (1153000000),"396,221","396,221","25,477","29,049","53,627","60,779","61,171","62,137","57,644","32,168","12,570","1,555",44,"195,164","195,164","13,038","14,891","26,190","30,996","31,299","30,784","27,246","15,182","5,141",385,12,"201,057","201,057","12,439","14,158","27,437","29,783","29,872","31,353","30,398","16,986","7,429","1,170",32
서울특별시 금천구 (1154500000),"230,856","230,856","11,454","13,855","37,162","36,671","31,594","39,120","34,821","18,088","7,167",893,31,"116,449","116,449","5,895","7,004","18,233","20,271","16,696","19,618","17,132","8,464","2,909",220,7,"114,407","114,407","5,559","6,851","18,929","16,400","14,898","19,502","17,689","9,624","4,258",673,24
서울특별시 영등포구 (1156000000),"376,884","376,884","24,395","23,677","58,498","69,336","55,520","56,178","48,444","27,009","12,199","1,575",53,"185,824","185,824","12,500","12,328","26,966","35,403","28,570","28,669","23,541","12,410","4,985",436,16,"191,060","191,060","11,895","11,349","31,532","33,933","26,950","27,509","24,903","14,599","7,214","1,139",37
서울특별시 동작구 (1159000000),"385,490","385,490","22,560","27,111","64,740","60,587","57,157","58,090","50,682","29,748","12,922","1,804",89,"186,397","186,397","11,539","13,852","31,230","30,694","28,626","28,090","23,406","13,148","5,299",493,20,"199,093","199,093","11,021","13,259","33,510","29,893","28,531","30,000","27,276","16,600","7,623","1,311",69
서울특별시 관악구 (1162000000),"486,209","486,209","19,465","27,160","108,577","85,583","65,400","66,825","60,131","36,710","14,599","1,690",69,"244,287","244,287","10,010","13,904","52,672","47,450","34,994","33,924","28,053","16,712","6,140",415,13,"241,922","241,922","9,455","13,256","55,905","38,133","30,406","32,901","32,078","19,998","8,459","1,275",56
서울특별시 서초구 (1165000000),"410,682","410,682","31,182","44,381","51,450","58,902","74,847","62,610","48,115","26,929","10,396","1,774",96,"196,211","196,211","15,987","22,545","24,718","27,039","34,980","31,052","22,226","12,586","4,577",476,25,"214,471","214,471","15,195","21,836","26,732","31,863","39,867","31,558","25,889","14,343","5,819","1,298",71
서울특별시 강남구 (1168000000),"533,286","533,286","34,493","59,306","70,073","77,256","97,937","82,182","61,679","35,115","12,860","2,278",107,"255,159","255,159","17,762","30,942","33,325","35,660","45,129","41,255","28,372","16,514","5,633",549,18,"278,127","278,127","16,731","28,364","36,748","41,596","52,808","40,927","33,307","18,601","7,227","1,729",89
서울특별시 송파구 (1171000000),"661,452","661,452","48,524","58,139","89,797","106,420","108,413","102,095","88,170","41,861","15,333","2,607",93,"318,851","318,851","24,974","29,775","42,737","50,671","52,457","49,533","41,421","20,395","6,245",627,16,"342,601","342,601","23,550","28,364","47,060","55,749","55,956","52,562","46,749","21,466","9,088","1,980",77
서울특별시 강동구 (1174000000),"461,972","461,972","33,854","38,851","59,929","70,468","74,925","71,597","66,993","31,864","11,529","1,879",83,"226,605","226,605","17,590","20,542","29,226","34,831","37,395","35,187","31,512","15,361","4,552",388,21,"235,367","235,367","16,264","18,309","30,703","35,637","37,530","36,410","35,481","16,503","6,977","1,491",62
부산광역시 중구 (2611000000),"40,582","40,582","1,096","1,859","5,916","4,468","5,092","6,690","7,944","4,985","2,192",333,7,"19,756","19,756",580,934,"2,833","2,395","2,802","3,412","3,777","2,159",779,84,1,"20,826","20,826",516,925,"3,083","2,073","2,290","3,278","4,167","2,826","1,413",249,6
부산광역시 서구 (2614000000),"104,618","104,618","5,200","7,070","12,870","10,379","14,058","16,990","19,261","12,270","5,775",723,22,"50,597","50,597","2,716","3,604","6,287","5,337","7,263","8,742","8,996","5,375","2,132",138,7,"54,021","54,021","2,484","3,466","6,583","5,042","6,795","8,248","10,265","6,895","3,643",585,15
부산광역시 동구 (2617000000),"88,245","88,245","3,958","4,820","10,366","10,514","11,634","14,374","16,165","10,745","5,021",629,19,"43,132","43,132","2,099","2,482","5,165","5,557","6,278","7,401","7,616","4,641","1,745",145,3,"45,113","45,113","1,859","2,338","5,201","4,957","5,356","6,973","8,549","6,104","3,276",484,16
부산광역시 영도구 (2620000000),"109,991","109,991","4,760","6,996","11,295","10,084","14,416","18,446","22,296","14,628","6,327",720,23,"54,185","54,185","2,416","3,578","6,196","5,489","7,509","9,525","10,676","6,409","2,240",145,2,"55,806","55,806","2,344","3,418","5,099","4,595","6,907","8,921","11,620","8,219","4,087",575,21
부산광역시 부산진구 (2623000000),"351,764","351,764","19,654","23,925","50,697","46,563","49,856","56,268","57,416","31,736","14,037","1,588",24,"169,496","169,496","9,975","12,128","24,499","23,707","25,293","27,391","26,865","14,139","5,132",364,3,"182,268","182,268","9,679","11,797","26,198","22,856","24,563","28,877","30,551","17,597","8,905","1,224",21
부산광역시 동래구 (2626000000),"273,802","273,802","20,060","25,213","31,495","32,920","44,072","43,838","42,673","23,201","9,134","1,166",30,"132,969","132,969","10,305","13,166","16,301","16,505","21,604","20,980","19,693","10,636","3,507",268,4,"140,833","140,833","9,755","12,047","15,194","16,415","22,468","22,858","22,980","12,565","5,627",898,26
부산광역시 남구 (2629000000),"260,624","260,624","16,201","22,551","33,747","27,594","40,220","42,006","41,518","25,259","10,272","1,224",32,"127,295","127,295","8,260","11,573","17,852","14,260","20,139","20,622","19,074","11,234","4,003",273,5,"133,329","133,329","7,941","10,978","15,895","13,334","20,081","21,384","22,444","14,025","6,269",951,27
부산광역시 북구 (2632000000),"281,749","281,749","17,941","22,297","35,065","33,330","39,542","51,963","49,011","22,375","9,071","1,130",24,"139,012","139,012","9,231","11,627","18,673","17,494","19,673","24,541","24,081","10,325","3,157",207,3,"142,737","142,737","8,710","10,670","16,392","15,836","19,869","27,422","24,930","12,050","5,914",923,21
부산광역시 해운대구 (2635000000),"394,792","394,792","26,710","36,629","46,218","44,598","63,592","69,160","60,466","31,424","14,077","1,863",55,"189,702","189,702","13,802","18,846","24,063","21,869","30,356","32,842","28,437","14,018","5,043",409,17,"205,090","205,090","12,908","17,783","22,155","22,729","33,236","36,318","32,029","17,406","9,034","1,454",38
부산광역시 사하구 (2638000000),"306,098","306,098","18,184","24,431","37,887","34,834","44,741","52,979","53,769","27,284","10,558","1,408",23,"152,207","152,207","9,344","12,592","20,333","18,540","22,958","26,006","25,773","12,629","3,761",269,2,"153,891","153,891","8,840","11,839","17,554","16,294","21,783","26,973","27,996","14,655","6,797","1,139",21
부산광역시 금정구 (2641000000),"226,029","226,029","11,763","17,045","31,368","23,743","30,883","38,637","39,696","22,052","9,580","1,230",32,"110,501","110,501","6,047","8,730","16,983","12,491","15,373","18,451","18,538","10,055","3,550",279,4,"115,528","115,528","5,716","8,315","14,385","11,252","15,510","20,186","21,158","11,997","6,030",951,28
부산광역시 강서구 (2644000000),"143,227","143,227","19,540","13,117","12,610","26,433","26,469","17,172","17,207","7,295","2,887",484,13,"74,161","74,161","10,143","6,668","6,819","13,450","14,674","8,968","8,666","3,665","1,008",98,2,"69,066","69,066","9,397","6,449","5,791","12,983","11,795","8,204","8,541","3,630","1,879",386,11
부산광역시 연제구 (2647000000),"207,178","207,178","13,837","16,212","24,764","26,287","31,580","33,432","33,774","18,694","7,674",897,27,"99,714","99,714","6,975","8,317","12,489","13,219","15,585","15,866","15,490","8,541","3,025",202,5,"107,464","107,464","6,862","7,895","12,275","13,068","15,995","17,566","18,284","10,153","4,649",695,22
부산광역시 수영구 (2650000000),"174,838","174,838","9,689","11,451","23,618","23,375","24,933","26,949","29,085","17,405","7,353",950,30,"82,451","82,451","4,939","5,946","11,312","11,683","12,288","12,517","12,864","7,778","2,860",256,8,"92,387","92,387","4,750","5,505","12,306","11,692","12,645","14,432","16,221","9,627","4,493",694,22
부산광역시 사상구 (2653000000),"207,138","207,138","10,968","14,320","27,319","23,933","28,266","38,451","38,728","17,903","6,552",676,22,"104,446","104,446","5,634","7,422","14,553","12,954","14,859","19,173","19,188","8,256","2,292",111,4,"102,692","102,692","5,334","6,898","12,766","10,979","13,407","19,278","19,540","9,647","4,260",565,18
부산광역시 기장군 (2671000000),"176,721","176,721","18,027","18,051","16,804","23,577","33,100","25,122","22,589","12,970","5,637",813,31,"87,487","87,487","9,183","9,362","8,949","11,713","16,845","12,884","10,453","5,949","1,971",174,4,"89,234","89,234","8,844","8,689","7,855","11,864","16,255","12,238","12,136","7,021","3,666",639,27
대구광역시 중구 (2711000000),"74,710","74,710","4,938","5,036","11,426","10,538","10,541","11,021","10,166","7,002","3,516",501,25,"35,870","35,870","2,510","2,564","5,419","5,483","5,321","5,477","4,714","2,935","1,314",130,3,"38,840","38,840","2,428","2,472","6,007","5,055","5,220","5,544","5,452","4,067","2,202",371,22
대구광역시 동구 (2714000000),"341,730","341,730","23,706","26,170","40,287","43,063","51,011","56,486","53,877","31,086","14,353","1,646",45,"167,994","167,994","12,115","13,663","21,361","22,952","26,151","27,592","25,000","13,603","5,182",365,10,"173,736","173,736","11,591","12,507","18,926","20,111","24,860","28,894","28,877","17,483","9,171","1,281",35
대구광역시 서구 (2717000000),"163,588","163,588","6,652","9,997","19,506","16,577","21,174","31,942","31,944","17,460","7,525",792,19,"81,680","81,680","3,438","5,161","10,622","9,448","11,409","16,134","15,005","7,670","2,658",134,1,"81,908","81,908","3,214","4,836","8,884","7,129","9,765","15,808","16,939","9,790","4,867",658,18
대구광역시 남구 (2720000000),"142,558","142,558","6,259","8,853","19,466","16,634","19,278","24,041","24,284","14,992","7,718","1,013",20,"68,464","68,464","3,228","4,651","9,662","8,870","9,746","11,779","11,117","6,358","2,827",226,0,"74,094","74,094","3,031","4,202","9,804","7,764","9,532","12,262","13,167","8,634","4,891",787,20
대구광역시 북구 (2723000000),"436,613","436,613","31,526","41,564","60,551","52,320","69,953","78,383","58,059","29,268","13,383","1,570",36,"217,176","217,176","16,113","21,561","32,660","27,695","34,386","38,781","28,215","12,719","4,714",331,1,"219,437","219,437","15,413","20,003","27,891","24,625","35,567","39,602","29,844","16,549","8,669","1,239",35
대구광역시 수성구 (2726000000),"416,496","416,496","28,461","49,003","52,154","41,514","69,751","74,722","54,529","29,362","14,869","2,067",64,"201,368","201,368","14,711","25,745","27,973","20,475","31,811","36,030","25,775","12,830","5,505",503,10,"215,128","215,128","13,750","23,258","24,181","21,039","37,940","38,692","28,754","16,532","9,364","1,564",54
대구광역시 달서구 (2729000000),"543,469","543,469","36,479","52,480","74,204","62,372","84,838","101,151","78,383","35,563","15,981","1,976",42,"267,631","267,631","18,691","27,133","39,336","32,954","41,149","48,766","37,686","15,945","5,532",433,6,"275,838","275,838","17,788","25,347","34,868","29,418","43,689","52,385","40,697","19,618","10,449","1,543",36
대구광역시 달성군 (2771000000),"261,931","261,931","28,072","24,551","28,127","39,932","44,822","41,011","32,851","14,802","6,843",902,18,"132,856","132,856","14,297","12,771","15,507","20,893","23,400","20,400","16,271","6,884","2,241",188,4,"129,075","129,075","13,775","11,780","12,620","19,039","21,422","20,611","16,580","7,918","4,602",714,14
인천광역시 중구 (2811000000),"144,935","144,935","11,654","13,352","18,862","22,042","25,641","21,490","17,589","9,423","4,173",686,23,"75,334","75,334","6,023","6,856","9,715","12,015","13,903","11,910","8,842","4,382","1,527",154,7,"69,601","69,601","5,631","6,496","9,147","10,027","11,738","9,580","8,747","5,041","2,646",532,16
인천광역시 동구 (2814000000),"60,848","60,848","3,351","4,835","6,289","6,622","9,591","9,840","10,370","6,476","2,999",464,11,"30,647","30,647","1,753","2,520","3,404","3,554","5,124","5,260","5,023","2,848","1,053",105,3,"30,201","30,201","1,598","2,315","2,885","3,068","4,467","4,580","5,347","3,628","1,946",359,8
인천광역시 미추홀구 (2817700000),"407,131","407,131","25,693","31,377","56,566","55,611","63,401","67,324","59,484","31,347","14,218","2,051",59,"205,029","205,029","13,105","16,193","29,794","29,953","33,591","33,969","28,434","14,274","5,247",456,13,"202,102","202,102","12,588","15,184","26,772","25,658","29,810","33,355","31,050","17,073","8,971","1,595",46
인천광역시 연수구 (2818500000),"388,461","388,461","36,561","42,966","49,815","55,903","68,979","65,082","43,865","16,047","7,790","1,402",51,"192,816","192,816","18,665","21,998","25,943","27,472","33,844","32,098","22,372","7,484","2,638",291,11,"195,645","195,645","17,896","20,968","23,872","28,431","35,135","32,984","21,493","8,563","5,152","1,111",40
인천광역시 남동구 (2820000000),"516,859","516,859","37,237","48,413","68,178","68,153","86,700","88,864","71,637","31,725","13,748","2,130",74,"256,765","256,765","19,228","24,757","35,244","35,194","44,239","43,827","34,600","14,487","4,778",401,10,"260,094","260,094","18,009","23,656","32,934","32,959","42,461","45,037","37,037","17,238","8,970","1,729",64
인천광역시 부평구 (2823700000),"485,656","485,656","29,948","41,072","66,581","65,753","74,598","87,630","71,055","31,851","14,868","2,218",82,"239,739","239,739","15,297","21,301","34,017","34,087","37,701","42,644","34,559","14,534","5,115",469,15,"245,917","245,917","14,651","19,771","32,564","31,666","36,897","44,986","36,496","17,317","9,753","1,749",67
인천광역시 계양구 (2824500000),"294,795","294,795","16,949","25,151","41,948","37,939","44,368","58,905","44,280","15,968","8,023","1,236",28,"146,824","146,824","8,630","12,846","22,056","19,853","22,250","28,544","22,474","7,284","2,622",260,5,"147,971","147,971","8,319","12,305","19,892","18,086","22,118","30,361","21,806","8,684","5,401",976,23
인천광역시 서구 (2826000000),"562,119","562,119","50,120","57,916","72,147","81,841","98,912","96,111","66,042","25,691","11,405","1,863",71,"283,761","283,761","25,810","29,701","37,231","41,793","50,767","48,616","33,585","12,032","3,848",360,18,"278,358","278,358","24,310","28,215","34,916","40,048","48,145","47,495","32,457","13,659","7,557","1,503",53
인천광역시 강화군 (2871000000),"69,801","69,801","3,171","4,547","5,079","5,209","7,661","11,626","15,585","9,971","6,004",933,15,"34,923","34,923","1,659","2,352","2,903","2,715","4,108","6,017","7,765","4,799","2,372",229,4,"34,878","34,878","1,512","2,195","2,176","2,494","3,553","5,609","7,820","5,172","3,632",704,11
인천광역시 옹진군 (2872000000),"20,373","20,373",871,"1,106","2,510","1,843","2,309","3,454","4,440","2,376","1,177",272,15,"11,594","11,594",440,597,"1,837","1,174","1,436","2,017","2,407","1,173",450,60,3,"8,779","8,779",431,509,673,669,873,"1,437","2,033","1,203",727,212,12
광주광역시 동구 (2911000000),"103,299","103,299","7,224","7,246","14,676","13,378","14,167","15,447","15,138","10,242","5,067",693,21,"50,943","50,943","3,733","3,685","7,547","6,904","7,440","7,664","7,094","4,549","2,129",194,4,"52,356","52,356","3,491","3,561","7,129","6,474","6,727","7,783","8,044","5,693","2,938",499,17
광주광역시 서구 (2914000000),"290,550","290,550","19,811","29,654","44,273","34,781","46,838","49,630","35,968","19,566","8,752","1,235",42,"142,303","142,303","10,233","15,614","22,647","17,731","22,734","24,264","16,883","8,707","3,210",278,2,"148,247","148,247","9,578","14,040","21,626","17,050","24,104","25,366","19,085","10,859","5,542",957,40
광주광역시 남구 (2915500000),"215,454","215,454","16,924","22,714","27,246","25,032","34,511","32,972","29,124","17,733","8,014","1,153",31,"103,497","103,497","8,632","11,363","13,938","12,428","16,943","15,755","13,295","7,885","3,004",248,6,"111,957","111,957","8,292","11,351","13,308","12,604","17,568","17,217","15,829","9,848","5,010",905,25
광주광역시 북구 (2917000000),"427,139","427,139","31,754","41,240","60,733","54,410","65,910","71,496","56,267","30,208","13,199","1,866",56,"211,986","211,986","16,236","21,710","31,915","28,356","33,245","35,016","26,735","13,598","4,768",401,6,"215,153","215,153","15,518","19,530","28,818","26,054","32,665","36,480","29,532","16,610","8,431","1,465",50
광주광역시 광산구 (2920000000),"403,590","403,590","36,874","51,012","58,088","52,358","75,093","66,860","36,384","17,311","8,358","1,215",37,"203,470","203,470","18,909","26,221","30,870","26,871","37,244","34,620","18,365","7,571","2,583",212,4,"200,120","200,120","17,965","24,791","27,218","25,487","37,849","32,240","18,019","9,740","5,775","1,003",33
대전광역시 동구 (3011000000),"221,300","221,300","13,938","19,407","29,690","24,919","33,332","36,071","34,465","19,197","9,041","1,209",31,"111,522","111,522","7,220","10,030","15,774","13,481","17,428","18,636","16,703","8,651","3,287",306,6,"109,778","109,778","6,718","9,377","13,916","11,438","15,904","17,435","17,762","10,546","5,754",903,25
대전광역시 중구 (3014000000),"229,283","229,283","13,565","20,740","29,851","24,621","34,967","38,683","34,912","20,577","9,973","1,355",39,"112,856","112,856","6,926","10,694","15,131","12,727","17,683","19,592","16,705","9,235","3,836",318,9,"116,427","116,427","6,639","10,046","14,720","11,894","17,284","19,091","18,207","11,342","6,137","1,037",30
대전광역시 서구 (3017000000),"472,935","472,935","35,766","47,886","72,211","64,536","76,262","76,514","58,921","26,717","12,270","1,801",51,"232,428","232,428","18,414","24,657","36,800","33,080","36,913","37,060","28,263","12,247","4,587",397,10,"240,507","240,507","17,352","23,229","35,411","31,456","39,349","39,454","30,658","14,470","7,683","1,404",41
대전광역시 유성구 (3020000000),"351,887","351,887","32,917","37,816","52,294","54,490","60,181","54,789","37,260","14,050","6,896","1,167",27,"177,825","177,825","16,945","19,632","28,105","28,588","29,509","27,357","18,463","6,600","2,358",265,3,"174,062","174,062","15,972","18,184","24,189","25,902","30,672","27,432","18,797","7,450","4,538",902,24
대전광역시 대덕구 (3023000000),"175,457","175,457","10,467","15,681","24,020","20,017","26,105","33,336","26,764","12,403","5,858",777,29,"89,181","89,181","5,293","8,215","13,176","11,054","13,374","16,883","13,232","5,699","2,092",160,3,"86,276","86,276","5,174","7,466","10,844","8,963","12,731","16,453","13,532","6,704","3,766",617,26
울산광역시 중구 (3111000000),"211,948","211,948","14,932","19,331","24,917","24,764","32,986","39,954","33,764","15,003","5,603",683,11,"107,338","107,338","7,689","10,306","13,954","13,057","16,880","19,874","16,493","6,951","2,010",123,1,"104,610","104,610","7,243","9,025","10,963","11,707","16,106","20,080","17,271","8,052","3,593",560,10
울산광역시 남구 (3114000000),"312,885","312,885","22,292","28,927","42,850","40,543","49,400","60,431","44,241","17,342","6,109",737,13,"159,629","159,629","11,451","15,307","23,968","21,798","24,347","30,180","21,994","8,258","2,185",141,0,"153,256","153,256","10,841","13,620","18,882","18,745","25,053","30,251","22,247","9,084","3,924",596,13
울산광역시 동구 (3117000000),"153,592","153,592","13,420","15,597","16,638","21,018","26,225","24,642","23,915","9,062","2,706",361,8,"80,173","80,173","6,834","8,287","9,316","11,550","14,290","12,446","11,799","4,660",937,53,1,"73,419","73,419","6,586","7,310","7,322","9,468","11,935","12,196","12,116","4,402","1,769",308,7
울산광역시 북구 (3120000000),"219,067","219,067","23,754","23,848","26,068","32,572","39,250","38,947","22,860","7,990","3,278",483,17,"113,338","113,338","12,206","12,342","14,900","17,017","20,136","19,805","12,045","3,781","1,026",79,1,"105,729","105,729","11,548","11,506","11,168","15,555","19,114","19,142","10,815","4,209","2,252",404,16
울산광역시 울주군 (3171000000),"221,954","221,954","16,236","21,807","25,762","24,518","35,971","42,571","32,692","14,368","6,910","1,102",17,"114,687","114,687","8,352","11,311","14,737","13,111","18,462","22,389","16,961","6,875","2,284",205,0,"107,267","107,267","7,884","10,496","11,025","11,407","17,509","20,182","15,731","7,493","4,626",897,17
세종특별자치시  (3611000000),"376,399","376,399","47,287","46,592","38,800","61,681","74,241","49,680","34,089","14,951","7,714","1,334",30,"187,858","187,858","24,105","23,485","19,848","30,054","37,522","26,023","16,897","6,958","2,689",270,7,"188,541","188,541","23,182","23,107","18,952","31,627","36,719","23,657","17,192","7,993","5,025","1,064",23
경기도 수원시 장안구 (4111100000),"273,339","273,339","17,249","27,594","43,234","32,976","43,897","49,211","33,892","15,821","8,091","1,334",40,"137,615","137,615","8,850","14,307","23,580","17,454","21,720","24,613","16,765","6,992","3,006",320,8,"135,724","135,724","8,399","13,287","19,654","15,522","22,177","24,598","17,127","8,829","5,085","1,014",32
경기도 수원시 권선구 (4111300000),"368,667","368,667","30,050","32,909","53,050","57,279","61,359","62,270","44,392","17,893","8,207","1,210",48,"186,205","186,205","15,469","17,054","27,660","30,234","31,736","30,748","21,949","8,220","2,853",276,6,"182,462","182,462","14,581","15,855","25,390","27,045","29,623","31,522","22,443","9,673","5,354",934,42
경기도 수원시 팔달구 (4111500000),"181,806","181,806","9,862","13,522","30,172","26,988","27,346","30,891","24,743","12,043","5,502",709,28,"91,643","91,643","4,982","6,958","15,399","14,767","14,175","15,715","12,051","5,408","2,012",172,4,"90,163","90,163","4,880","6,564","14,773","12,221","13,171","15,176","12,692","6,635","3,490",537,24
경기도 수원시 영통구 (4111700000),"361,184","361,184","32,988","41,100","56,969","59,815","66,907","55,358","30,171","11,520","5,457",870,29,"181,209","181,209","17,138","21,137","29,499","30,680","32,755","27,678","15,110","5,160","1,881",166,5,"179,975","179,975","15,850","19,963","27,470","29,135","34,152","27,680","15,061","6,360","3,576",704,24
경기도 성남시 수정구 (4113100000),"235,616","235,616","14,815","16,698","33,333","34,794","36,205","39,931","35,099","17,014","6,810",885,32,"119,415","119,415","7,514","8,542","17,563","18,686","19,100","20,464","17,122","7,708","2,500",209,7,"116,201","116,201","7,301","8,156","15,770","16,108","17,105","19,467","17,977","9,306","4,310",676,25
경기도 성남시 중원구 (4113300000),"209,991","209,991","11,983","15,466","29,508","30,513","31,339","36,603","32,294","15,225","6,183",846,31,"106,418","106,418","6,112","8,008","15,333","16,519","16,428","18,631","15,952","6,996","2,274",159,6,"103,573","103,573","5,871","7,458","14,175","13,994","14,911","17,972","16,342","8,229","3,909",687,25
경기도 성남시 분당구 (4113500000),"485,124","485,124","38,612","53,062","63,309","69,483","85,558","78,811","54,093","25,795","13,800","2,522",79,"235,327","235,327","19,825","27,101","31,877","33,679","39,906","38,684","26,356","11,717","5,458",704,20,"249,797","249,797","18,787","25,961","31,432","35,804","45,652","40,127","27,737","14,078","8,342","1,818",59
경기도 의정부시 (4115000000),"463,977","463,977","32,592","41,575","63,812","59,989","73,457","81,373","62,390","31,336","15,396","2,001",56,"228,565","228,565","16,884","21,388","32,316","30,727","37,011","40,004","30,211","13,786","5,769",457,12,"235,412","235,412","15,708","20,187","31,496","29,262","36,446","41,369","32,179","17,550","9,627","1,544",44
경기도 안양시 만안구 (4117100000),"236,611","236,611","14,441","17,882","32,991","32,885","33,878","42,396","36,832","16,726","7,498","1,053",29,"118,334","118,334","7,298","9,325","17,238","17,358","17,460","20,799","18,069","7,795","2,753",237,2,"118,277","118,277","7,143","8,557","15,753","15,527","16,418","21,597","18,763","8,931","4,745",816,27
경기도 안양시 동안구 (4117300000),"313,216","313,216","23,518","32,860","41,414","45,365","52,038","53,714","39,766","15,682","7,534","1,289",36,"153,473","153,473","12,007","16,995","21,308","22,939","24,894","25,922","19,374","7,154","2,563",310,7,"159,743","159,743","11,511","15,865","20,106","22,426","27,144","27,792","20,392","8,528","4,971",979,29
경기도 부천시 (4119000000),"803,585","803,585","52,176","67,588","110,585","111,466","124,968","144,106","119,907","48,052","21,309","3,304",124,"398,181","398,181","26,886","34,601","57,059","57,475","63,072","69,812","58,788","22,433","7,279",747,29,"405,404","405,404","25,290","32,987","53,526","53,991","61,896","74,294","61,119","25,619","14,030","2,557",95
경기도 광명시 (4121000000),"291,331","291,331","21,442","29,353","36,231","39,426","49,536","48,880","39,602","17,739","7,949","1,139",34,"143,619","143,619","10,923","15,145","18,842","20,127","24,390","24,323","18,854","8,056","2,710",240,9,"147,712","147,712","10,519","14,208","17,389","19,299","25,146","24,557","20,748","9,683","5,239",899,25
경기도 평택시 (4122000000),"567,411","567,411","50,052","54,447","77,343","86,716","98,279","92,080","62,061","29,066","15,232","2,064",71,"295,924","295,924","25,399","28,034","43,024","47,983","52,713","48,680","31,245","12,898","5,450",483,15,"271,487","271,487","24,653","26,413","34,319","38,733","45,566","43,400","30,816","16,168","9,782","1,581",56
경기도 동두천시 (4125000000),"93,395","93,395","5,735","8,368","10,944","9,902","13,725","16,439","14,353","8,464","4,835",609,21,"46,607","46,607","2,941","4,222","5,917","5,191","7,060","8,664","7,084","3,597","1,772",154,5,"46,788","46,788","2,794","4,146","5,027","4,711","6,665","7,775","7,269","4,867","3,063",455,16
경기도 안산시 상록구 (4127100000),"349,515","349,515","21,442","32,679","57,147","43,754","55,055","69,164","42,917","16,956","8,992","1,362",47,"178,419","178,419","10,978","16,715","30,471","23,792","28,175","35,066","22,349","7,540","3,009",316,8,"171,096","171,096","10,464","15,964","26,676","19,962","26,880","34,098","20,568","9,416","5,983","1,046",39
경기도 안산시 단원구 (4127300000),"301,904","301,904","19,673","27,933","47,192","41,352","48,225","58,685","37,757","13,437","6,616","1,002",32,"155,662","155,662","10,080","14,432","25,066","22,638","25,000","29,922","19,858","6,276","2,200",185,5,"146,242","146,242","9,593","13,501","22,126","18,714","23,225","28,763","17,899","7,161","4,416",817,27
경기도 고양시 덕양구 (4128100000),"483,743","483,743","36,906","41,146","61,542","69,097","78,321","84,068","63,398","30,477","16,433","2,281",74,"238,575","238,575","18,763","21,016","31,687","34,812","39,208","41,743","31,479","13,269","5,999",579,20,"245,168","245,168","18,143","20,130","29,855","34,285","39,113","42,325","31,919","17,208","10,434","1,702",54
경기도 고양시 일산동구 (4128500000),"298,563","298,563","19,710","28,558","43,244","38,135","49,231","56,512","36,636","15,489","9,481","1,529",38,"145,182","145,182","10,106","14,641","21,741","18,865","23,312","27,434","18,524","6,724","3,422",399,14,"153,381","153,381","9,604","13,917","21,503","19,270","25,919","29,078","18,112","8,765","6,059","1,130",24
경기도 고양시 일산서구 (4128700000),"296,466","296,466","20,687","32,043","40,593","35,142","48,980","56,512","35,202","15,651","10,084","1,525",47,"143,718","143,718","10,454","16,306","20,901","17,279","23,014","27,319","17,765","6,628","3,622",421,9,"152,748","152,748","10,233","15,737","19,692","17,863","25,966","29,193","17,437","9,023","6,462","1,104",38
경기도 과천시 (4129000000),"77,632","77,632","7,258","7,473","10,020","11,518","11,728","13,095","9,728","4,195","2,187",419,11,"38,213","38,213","3,770","3,808","5,245","5,711","5,759","6,326","4,779","1,871",831,110,3,"39,419","39,419","3,488","3,665","4,775","5,807","5,969","6,769","4,949","2,324","1,356",309,8
경기도 구리시 (4131000000),"191,322","191,322","13,715","17,187","25,635","24,843","31,141","34,836","26,360","11,637","5,274",676,18,"94,831","94,831","7,093","8,810","13,179","12,510","15,592","17,076","13,146","5,248","1,992",180,5,"96,491","96,491","6,622","8,377","12,456","12,333","15,549","17,760","13,214","6,389","3,282",496,13
경기도 남양주시 (4136000000),"733,995","733,995","62,678","78,411","85,728","89,329","132,552","122,886","91,993","46,336","20,986","2,975",121,"365,147","365,147","32,225","40,365","44,575","44,175","66,313","62,680","44,863","21,209","8,023",695,24,"368,848","368,848","30,453","38,046","41,153","45,154","66,239","60,206","47,130","25,127","12,963","2,280",97
경기도 오산시 (4137000000),"229,909","229,909","21,362","24,954","30,934","36,842","44,186","34,177","22,318","10,047","4,486",586,17,"119,393","119,393","10,904","12,791","16,766","20,123","23,550","17,913","11,083","4,452","1,683",126,2,"110,516","110,516","10,458","12,163","14,168","16,719","20,636","16,264","11,235","5,595","2,803",460,15
경기도 시흥시 (4139000000),"511,839","511,839","47,067","50,232","68,304","76,990","92,890","90,048","54,476","20,329","9,914","1,531",58,"267,286","267,286","23,886","25,724","37,151","41,186","50,175","47,250","28,891","9,424","3,281",305,13,"244,553","244,553","23,181","24,508","31,153","35,804","42,715","42,798","25,585","10,905","6,633","1,226",45
경기도 군포시 (4141000000),"267,294","267,294","18,212","25,235","36,383","36,898","42,205","47,217","36,512","15,192","8,113","1,282",45,"132,546","132,546","9,316","13,070","18,961","19,334","20,836","23,014","17,867","6,896","2,897",345,10,"134,748","134,748","8,896","12,165","17,422","17,564","21,369","24,203","18,645","8,296","5,216",937,35
경기도 의왕시 (4143000000),"162,761","162,761","12,446","13,983","22,385","22,715","23,945","29,144","23,568","9,225","4,551",777,22,"80,826","80,826","6,405","7,196","11,765","11,668","11,993","13,943","11,665","4,374","1,642",173,2,"81,935","81,935","6,041","6,787","10,620","11,047","11,952","15,201","11,903","4,851","2,909",604,20
경기도 하남시 (4145000000),"322,697","322,697","32,948","29,063","38,109","53,247","58,470","45,920","39,487","17,649","6,619","1,141",44,"161,351","161,351","16,878","14,678","19,030","26,798","30,361","23,044","19,102","8,778","2,425",251,6,"161,346","161,346","16,070","14,385","19,079","26,449","28,109","22,876","20,385","8,871","4,194",890,38
경기도 용인시 처인구 (4146100000),"260,029","260,029","19,694","24,636","34,294","33,161","43,553","44,151","34,839","16,360","8,050","1,257",34,"133,417","133,417","10,105","12,749","18,699","17,752","22,848","22,805","17,612","7,571","3,006",264,6,"126,612","126,612","9,589","11,887","15,595","15,409","20,705","21,346","17,227","8,789","5,044",993,28
경기도 용인시 기흥구 (4146300000),"441,173","441,173","38,995","50,348","57,045","56,340","82,149","70,455","44,636","26,611","12,702","1,825",67,"217,739","217,739","20,001","25,788","29,792","27,770","39,999","35,511","21,103","11,787","5,454",521,13,"223,434","223,434","18,994","24,560","27,253","28,570","42,150","34,944","23,533","14,824","7,248","1,304",54
경기도 용인시 수지구 (4146500000),"375,137","375,137","34,570","45,179","45,697","49,520","71,395","57,842","35,658","23,294","10,472","1,462",48,"182,756","182,756","17,553","22,920","22,990","23,616","34,052","29,190","16,783","10,441","4,764",442,5,"192,381","192,381","17,017","22,259","22,707","25,904","37,343","28,652","18,875","12,853","5,708","1,020",43
경기도 파주시 (4148000000),"485,672","485,672","43,206","50,459","59,523","68,300","83,524","77,654","56,018","28,923","15,682","2,312",71,"246,377","246,377","22,034","25,850","32,016","35,939","42,888","40,432","28,087","12,812","5,735",569,15,"239,295","239,295","21,172","24,609","27,507","32,361","40,636","37,222","27,931","16,111","9,947","1,743",56
경기도 이천시 (4150000000),"222,655","222,655","17,620","21,808","31,050","30,604","35,231","35,644","29,103","13,294","7,241","1,035",25,"115,556","115,556","9,098","11,316","17,696","16,554","18,266","18,559","14,953","6,188","2,668",254,4,"107,099","107,099","8,522","10,492","13,354","14,050","16,965","17,085","14,150","7,106","4,573",781,21
경기도 안성시 (4155000000),"189,535","189,535","12,966","17,661","22,962","22,641","30,182","32,006","27,978","13,979","7,962","1,166",32,"97,918","97,918","6,706","9,181","12,699","12,455","16,159","16,973","14,156","6,491","2,838",256,4,"91,617","91,617","6,260","8,480","10,263","10,186","14,023","15,033","13,822","7,488","5,124",910,28
경기도 김포시 (4157000000),"486,334","486,334","52,913","50,189","51,931","73,943","92,900","69,401","54,630","26,952","11,707","1,715",53,"243,242","243,242","26,992","25,551","26,628","36,287","48,171","35,430","26,637","12,661","4,476",393,16,"243,092","243,092","25,921","24,638","25,303","37,656","44,729","33,971","27,993","14,291","7,231","1,322",37
경기도 화성시 (4159000000),"889,398","889,398","100,168","101,788","109,039","149,930","172,982","123,663","79,730","33,732","15,955","2,355",56,"462,137","462,137","51,060","51,927","59,289","78,614","91,795","66,395","40,864","15,853","5,843",485,12,"427,261","427,261","49,108","49,861","49,750","71,316","81,187","57,268","38,866","17,879","10,112","1,870",44
경기도 광주시 (4161000000),"387,646","387,646","32,988","34,057","44,595","55,126","68,192","65,452","53,216","23,155","9,466","1,354",45,"197,783","197,783","16,845","17,404","23,728","28,667","35,894","33,550","26,515","11,206","3,675",292,7,"189,863","189,863","16,143","16,653","20,867","26,459","32,298","31,902","26,701","11,949","5,791","1,062",38
경기도 양주시 (4163000000),"236,327","236,327","19,443","24,269","27,529","27,842","39,862","39,551","31,940","16,584","8,109","1,158",40,"119,794","119,794","9,872","12,342","14,827","14,428","20,478","20,680","16,082","7,754","3,064",256,11,"116,533","116,533","9,571","11,927","12,702","13,414","19,384","18,871","15,858","8,830","5,045",902,29
경기도 포천시 (4165000000),"148,765","148,765","8,008","11,634","18,039","14,571","19,584","29,121","27,341","12,328","7,076","1,025",38,"78,859","78,859","4,123","6,097","10,456","8,190","10,515","16,010","14,823","5,818","2,561",254,12,"69,906","69,906","3,885","5,537","7,583","6,381","9,069","13,111","12,518","6,510","4,515",771,26
경기도 여주시 (4167000000),"112,469","112,469","6,817","9,379","11,859","11,099","15,769","20,057","20,450","10,274","5,815",921,29,"57,214","57,214","3,507","4,865","6,499","5,878","8,134","10,556","10,394","4,969","2,186",222,4,"55,255","55,255","3,310","4,514","5,360","5,221","7,635","9,501","10,056","5,305","3,629",699,25
경기도 연천군 (4180000000),"42,725","42,725","2,502","3,024","5,074","4,081","4,714","6,931","8,106","4,817","3,039",422,15,"22,402","22,402","1,272","1,600","3,250","2,346","2,560","3,754","4,201","2,207","1,099",108,5,"20,323","20,323","1,230","1,424","1,824","1,735","2,154","3,177","3,905","2,610","1,940",314,10
경기도 가평군 (4182000000),"62,247","62,247","3,100","4,488","6,060","5,438","7,756","11,051","13,135","6,744","3,904",550,21,"32,105","32,105","1,549","2,324","3,524","2,975","4,181","5,859","6,776","3,227","1,531",153,6,"30,142","30,142","1,551","2,164","2,536","2,463","3,575","5,192","6,359","3,517","2,373",397,15
경기도 양평군 (4183000000),"121,364","121,364","6,997","9,701","10,484","10,607","16,339","20,818","25,188","13,286","6,839","1,074",31,"60,919","60,919","3,606","5,063","5,839","5,405","8,292","10,673","12,567","6,558","2,660",250,6,"60,445","60,445","3,391","4,638","4,645","5,202","8,047","10,145","12,621","6,728","4,179",824,25
강원도 춘천시 (4211000000),"285,202","285,202","20,740","26,469","37,381","34,345","42,015","46,733","42,175","20,452","12,845","1,982",65,"140,856","140,856","10,596","13,784","19,981","17,677","20,734","23,555","20,371","8,995","4,660",484,19,"144,346","144,346","10,144","12,685","17,400","16,668","21,281","23,178","21,804","11,457","8,185","1,498",46
강원도 원주시 (4213000000),"358,647","358,647","27,262","35,378","44,673","45,447","57,006","61,224","50,680","21,742","13,160","2,017",58,"177,793","177,793","13,912","18,269","23,768","23,134","28,018","30,693","25,136","9,757","4,648",451,7,"180,854","180,854","13,350","17,109","20,905","22,313","28,988","30,531","25,544","11,985","8,512","1,566",51
강원도 강릉시 (4215000000),"212,767","212,767","12,720","18,311","24,380","21,072","31,708","36,600","35,939","19,651","10,613","1,720",53,"105,554","105,554","6,558","9,582","13,382","11,157","16,118","18,545","17,186","8,838","3,840",339,9,"107,213","107,213","6,162","8,729","10,998","9,915","15,590","18,055","18,753","10,813","6,773","1,381",44
강원도 동해시 (4217000000),"89,950","89,950","6,198","8,499","9,276","8,589","14,188","15,627","14,825","8,009","4,132",596,11,"45,713","45,713","3,198","4,439","5,481","4,609","7,370","8,139","7,188","3,640","1,531",116,2,"44,237","44,237","3,000","4,060","3,795","3,980","6,818","7,488","7,637","4,369","2,601",480,9
강원도 태백시 (4219000000),"40,515","40,515","2,243","3,579","3,404","3,179","6,022","6,992","7,773","4,819","2,247",252,5,"20,489","20,489","1,191","1,846","1,965","1,704","3,198","3,777","3,831","2,106",818,52,1,"20,026","20,026","1,052","1,733","1,439","1,475","2,824","3,215","3,942","2,713","1,429",200,4
강원도 속초시 (4221000000),"82,790","82,790","5,588","7,163","8,887","9,060","12,119","15,056","14,034","6,804","3,451",615,13,"41,074","41,074","2,835","3,744","5,005","4,911","6,062","7,438","6,807","2,943","1,218",110,1,"41,716","41,716","2,753","3,419","3,882","4,149","6,057","7,618","7,227","3,861","2,233",505,12
강원도 삼척시 (4223000000),"63,730","63,730","3,564","5,026","6,705","5,237","8,578","10,883","11,953","7,010","4,112",646,16,"32,214","32,214","1,799","2,588","3,765","2,823","4,663","5,915","6,035","3,145","1,344",137,0,"31,516","31,516","1,765","2,438","2,940","2,414","3,915","4,968","5,918","3,865","2,768",509,16
강원도 홍천군 (4272000000),"68,177","68,177","3,496","4,896","6,368","5,668","7,933","11,976","15,327","7,117","4,704",670,22,"35,111","35,111","1,792","2,474","3,867","3,099","4,233","6,377","7,990","3,419","1,700",158,2,"33,066","33,066","1,704","2,422","2,501","2,569","3,700","5,599","7,337","3,698","3,004",512,20
강원도 횡성군 (4273000000),"46,459","46,459","2,102","3,361","3,576","3,232","4,921","8,442","11,226","5,522","3,507",542,28,"23,837","23,837","1,113","1,749","2,054","1,718","2,712","4,479","5,874","2,705","1,321",109,3,"22,622","22,622",989,"1,612","1,522","1,514","2,209","3,963","5,352","2,817","2,186",433,25
강원도 영월군 (4275000000),"37,954","37,954","1,554","2,715","3,110","2,579","4,355","7,040","8,607","4,708","2,896",375,15,"19,645","19,645",829,"1,462","1,792","1,408","2,348","3,910","4,570","2,178","1,045",99,4,"18,309","18,309",725,"1,253","1,318","1,171","2,007","3,130","4,037","2,530","1,851",276,11
강원도 평창군 (4276000000),"41,162","41,162","1,723","2,729","3,237","2,798","5,060","7,751","9,608","4,936","2,909",392,19,"21,182","21,182",858,"1,446","1,913","1,527","2,778","4,145","5,031","2,347","1,059",76,2,"19,980","19,980",865,"1,283","1,324","1,271","2,282","3,606","4,577","2,589","1,850",316,17
강원도 정선군 (4277000000),"35,527","35,527","1,583","2,384","2,552","2,698","4,593","6,644","7,972","4,385","2,363",342,11,"18,492","18,492",807,"1,232","1,498","1,502","2,619","3,733","4,224","1,986",820,68,3,"17,035","17,035",776,"1,152","1,054","1,196","1,974","2,911","3,748","2,399","1,543",274,8
강원도 철원군 (4278000000),"43,044","43,044","3,083","3,550","5,144","4,443","5,434","6,883","7,251","4,426","2,443",373,14,"22,291","22,291","1,525","1,859","3,320","2,477","2,862","3,671","3,627","1,970",885,93,2,"20,753","20,753","1,558","1,691","1,824","1,966","2,572","3,212","3,624","2,456","1,558",280,12
강원도 화천군 (4279000000),"24,094","24,094","1,668","1,708","3,511","2,751","2,590","3,742","4,183","2,179","1,526",223,13,"13,082","13,082",873,855,"2,416","1,641","1,404","2,040","2,269",996,529,53,6,"11,012","11,012",795,853,"1,095","1,110","1,186","1,702","1,914","1,183",997,170,7
강원도 양구군 (4280000000),"21,651","21,651","1,618","1,863","2,824","2,457","2,420","3,370","3,710","1,950","1,245",186,8,"11,396","11,396",807,939,"1,863","1,371","1,297","1,787","1,986",863,436,43,4,"10,255","10,255",811,924,961,"1,086","1,123","1,583","1,724","1,087",809,143,4
강원도 인제군 (4281000000),"32,192","32,192","2,489","2,242","4,168","3,974","3,957","5,066","5,810","2,602","1,620",257,7,"17,504","17,504","1,254","1,192","2,806","2,312","2,196","2,721","3,132","1,241",581,65,4,"14,688","14,688","1,235","1,050","1,362","1,662","1,761","2,345","2,678","1,361","1,039",192,3
강원도 고성군 (4282000000),"27,326","27,326","1,367","1,586","2,670","2,396","3,066","4,778","5,724","3,398","2,007",327,7,"14,091","14,091",697,860,"1,716","1,354","1,689","2,595","2,933","1,480",685,81,1,"13,235","13,235",670,726,954,"1,042","1,377","2,183","2,791","1,918","1,322",246,6
강원도 양양군 (4283000000),"27,864","27,864","1,239","1,741","2,293","2,210","3,437","4,910","6,006","3,632","2,047",338,11,"14,219","14,219",635,920,"1,368","1,214","1,864","2,640","3,046","1,686",775,69,2,"13,645","13,645",604,821,925,996,"1,573","2,270","2,960","1,946","1,272",269,9
충청북도 청주시 상당구 (4311100000),"194,558","194,558","15,955","19,711","24,160","23,536","30,704","33,334","26,652","12,612","6,867","1,001",26,"96,582","96,582","8,056","10,190","13,033","12,033","15,248","16,556","13,217","5,689","2,345",211,4,"97,976","97,976","7,899","9,521","11,127","11,503","15,456","16,778","13,435","6,923","4,522",790,22
충청북도 청주시 서원구 (4311200000),"193,031","193,031","12,614","19,387","28,026","22,249","29,607","33,715","27,287","12,696","6,523",906,21,"96,056","96,056","6,454","10,075","15,210","11,717","14,616","16,610","13,172","5,707","2,309",185,1,"96,975","96,975","6,160","9,312","12,816","10,532","14,991","17,105","14,115","6,989","4,214",721,20
충청북도 청주시 흥덕구 (4311300000),"267,343","267,343","23,117","26,238","40,260","40,992","43,426","42,932","30,548","12,691","6,211",905,23,"135,779","135,779","11,798","13,543","21,862","21,734","22,051","21,522","15,127","5,807","2,162",170,3,"131,564","131,564","11,319","12,695","18,398","19,258","21,375","21,410","15,421","6,884","4,049",735,20
충청북도 청주시 청원구 (4311400000),"194,097","194,097","18,646","19,392","25,631","30,396","32,725","27,698","22,371","10,579","5,796",832,31,"99,814","99,814","9,541","10,002","14,399","16,524","17,226","14,283","10,938","4,789","1,933",175,4,"94,283","94,283","9,105","9,390","11,232","13,872","15,499","13,415","11,433","5,790","3,863",657,27
충청북도 충주시 (4313000000),"209,159","209,159","13,657","18,374","23,307","22,617","30,236","36,793","34,683","17,365","10,657","1,434",36,"105,853","105,853","6,878","9,542","13,432","12,353","15,578","18,796","17,404","7,805","3,731",327,7,"103,306","103,306","6,779","8,832","9,875","10,264","14,658","17,997","17,279","9,560","6,926","1,107",29
충청북도 제천시 (4315000000),"131,498","131,498","8,035","11,405","14,204","12,175","17,578","23,331","24,540","12,456","6,866",868,40,"66,139","66,139","4,110","5,898","8,011","6,459","9,011","11,972","12,251","5,717","2,506",197,7,"65,359","65,359","3,925","5,507","6,193","5,716","8,567","11,359","12,289","6,739","4,360",671,33
충청북도 보은군 (4372000000),"31,812","31,812","1,309","1,993","2,184","2,005","3,130","5,560","7,411","4,440","3,244",524,12,"16,035","16,035",680,"1,054","1,305","1,100","1,735","3,087","3,821","2,054","1,080",119,0,"15,777","15,777",629,939,879,905,"1,395","2,473","3,590","2,386","2,164",405,12
충청북도 옥천군 (4373000000),"49,959","49,959","2,333","3,740","4,037","3,603","6,029","8,741","10,529","6,370","3,948",613,16,"25,177","25,177","1,211","1,993","2,296","1,859","3,227","4,697","5,379","3,023","1,341",149,2,"24,782","24,782","1,122","1,747","1,741","1,744","2,802","4,044","5,150","3,347","2,607",464,14
충청북도 영동군 (4374000000),"45,548","45,548","1,998","3,174","3,726","2,904","4,922","8,025","9,838","6,342","4,061",542,16,"22,686","22,686","1,020","1,649","2,095","1,543","2,651","4,290","5,090","2,823","1,408",115,2,"22,862","22,862",978,"1,525","1,631","1,361","2,271","3,735","4,748","3,519","2,653",427,14
충청북도 증평군 (4374500000),"36,729","36,729","2,927","3,379","4,417","4,387","5,530","6,090","5,485","2,739","1,575",197,3,"19,139","19,139","1,530","1,762","2,638","2,441","2,965","3,212","2,752","1,253",543,43,0,"17,590","17,590","1,397","1,617","1,779","1,946","2,565","2,878","2,733","1,486","1,032",154,3
충청북도 진천군 (4375000000),"85,557","85,557","7,379","8,313","9,272","11,353","13,957","13,923","11,546","5,585","3,717",497,15,"44,946","44,946","3,815","4,316","5,366","6,279","7,590","7,623","5,966","2,607","1,279",99,6,"40,611","40,611","3,564","3,997","3,906","5,074","6,367","6,300","5,580","2,978","2,438",398,9
충청북도 괴산군 (4376000000),"37,405","37,405","1,218","1,874","2,590","2,193","3,659","7,054","9,447","5,362","3,489",507,12,"19,271","19,271",620,957,"1,537","1,261","2,105","3,841","5,039","2,552","1,242",114,3,"18,134","18,134",598,917,"1,053",932,"1,554","3,213","4,408","2,810","2,247",393,9
충청북도 음성군 (4377000000),"92,171","92,171","5,344","7,332","9,076","9,044","13,380","17,320","16,735","8,210","4,958",750,22,"48,901","48,901","2,764","3,852","5,223","5,172","7,476","9,639","8,925","3,942","1,732",169,7,"43,270","43,270","2,580","3,480","3,853","3,872","5,904","7,681","7,810","4,268","3,226",581,15
충청북도 단양군 (4380000000),"28,155","28,155","1,053","1,804","2,025","1,773","3,023","5,254","6,860","3,805","2,257",289,12,"14,271","14,271",559,968,"1,168",959,"1,671","2,799","3,558","1,715",797,75,2,"13,884","13,884",494,836,857,814,"1,352","2,455","3,302","2,090","1,460",214,10
충청남도 천안시 동남구 (4413100000),"255,083","255,083","18,495","25,547","34,408","31,321","41,834","43,363","34,373","15,940","8,481","1,291",30,"129,350","129,350","9,562","13,279","18,268","16,562","21,614","22,028","17,296","7,437","3,008",290,6,"125,733","125,733","8,933","12,268","16,140","14,759","20,220","21,335","17,077","8,503","5,473","1,001",24
충청남도 천안시 서북구 (4413300000),"401,842","401,842","39,003","42,026","60,151","69,653","69,950","60,688","36,437","15,098","7,679","1,123",34,"206,601","206,601","19,874","21,717","31,663","37,276","36,512","31,304","18,566","6,814","2,620",250,5,"195,241","195,241","19,129","20,309","28,488","32,377","33,438","29,384","17,871","8,284","5,059",873,29
충청남도 공주시 (4415000000),"102,960","102,960","5,182","7,856","10,836","8,809","12,855","17,678","19,687","11,431","7,412","1,180",34,"51,419","51,419","2,707","4,044","5,894","4,770","6,769","9,124","9,845","5,332","2,615",315,4,"51,541","51,541","2,475","3,812","4,942","4,039","6,086","8,554","9,842","6,099","4,797",865,30
충청남도 보령시 (4418000000),"97,967","97,967","5,510","7,955","8,944","8,680","13,305","16,476","18,004","11,386","6,653","1,028",26,"49,672","49,672","2,795","4,109","5,241","4,737","7,260","8,833","8,903","5,176","2,386",228,4,"48,295","48,295","2,715","3,846","3,703","3,943","6,045","7,643","9,101","6,210","4,267",800,22
충청남도 아산시 (4420000000),"327,717","327,717","31,707","35,979","37,597","48,412","59,325","48,755","35,567","18,480","10,352","1,502",41,"170,587","170,587","16,284","18,511","20,948","25,862","32,152","26,523","17,961","8,307","3,690",343,6,"157,130","157,130","15,423","17,468","16,649","22,550","27,173","22,232","17,606","10,173","6,662","1,159",35
충청남도 서산시 (4421000000),"176,559","176,559","14,508","17,108","18,751","21,375","27,845","28,704","24,155","13,975","8,724","1,373",41,"92,057","92,057","7,351","9,077","11,230","11,944","14,851","15,414","12,135","6,647","3,126",279,3,"84,502","84,502","7,157","8,031","7,521","9,431","12,994","13,290","12,020","7,328","5,598","1,094",38
충청남도 논산시 (4423000000),"114,340","114,340","6,636","9,352","10,749","10,108","14,591","19,165","21,104","12,785","8,509","1,309",32,"57,064","57,064","3,374","4,813","6,009","5,370","7,719","10,143","10,637","5,804","2,861",327,7,"57,276","57,276","3,262","4,539","4,740","4,738","6,872","9,022","10,467","6,981","5,648",982,25
충청남도 계룡시 (4425000000),"43,473","43,473","3,752","6,222","4,820","4,673","8,267","7,217","4,988","2,172","1,165",194,3,"21,681","21,681","1,881","3,265","2,686","2,384","4,005","3,616","2,400","1,024",381,38,1,"21,792","21,792","1,871","2,957","2,134","2,289","4,262","3,601","2,588","1,148",784,156,2
충청남도 당진시 (4427000000),"166,894","166,894","14,328","15,847","15,532","21,373","27,190","26,586","22,905","13,420","8,426","1,246",41,"88,875","88,875","7,270","8,330","9,122","12,286","15,273","15,032","11,884","6,344","3,014",318,2,"78,019","78,019","7,058","7,517","6,410","9,087","11,917","11,554","11,021","7,076","5,412",928,39
충청남도 금산군 (4471000000),"50,351","50,351","2,249","4,143","3,642","3,293","5,898","8,819","10,457","6,723","4,492",624,11,"25,412","25,412","1,133","2,167","2,111","1,742","3,216","4,890","5,362","3,145","1,487",157,2,"24,939","24,939","1,116","1,976","1,531","1,551","2,682","3,929","5,095","3,578","3,005",467,9
충청남도 부여군 (4476000000),"63,488","63,488","2,599","4,383","4,907","4,050","6,714","10,163","13,661","9,307","6,587","1,083",34,"31,503","31,503","1,386","2,324","2,824","2,192","3,660","5,350","6,906","4,259","2,325",273,4,"31,985","31,985","1,213","2,059","2,083","1,858","3,054","4,813","6,755","5,048","4,262",810,30
충청남도 서천군 (4477000000),"50,644","50,644","2,098","3,291","3,567","3,108","5,414","8,161","10,563","8,022","5,458",943,19,"25,004","25,004","1,055","1,674","2,103","1,710","2,929","4,470","5,217","3,669","1,946",230,1,"25,640","25,640","1,043","1,617","1,464","1,398","2,485","3,691","5,346","4,353","3,512",713,18
충청남도 청양군 (4479000000),"30,390","30,390","1,155","1,966","2,447","1,938","2,926","4,989","6,575","4,465","3,409",510,10,"15,444","15,444",593,"1,037","1,440","1,096","1,702","2,761","3,371","2,095","1,213",133,3,"14,946","14,946",562,929,"1,007",842,"1,224","2,228","3,204","2,370","2,196",377,7
충청남도 홍성군 (4480000000),"99,264","99,264","7,267","9,486","9,174","9,948","14,234","15,662","15,704","10,134","6,642",983,30,"49,399","49,399","3,773","4,906","5,049","5,130","7,326","8,288","7,756","4,612","2,319",235,5,"49,865","49,865","3,494","4,580","4,125","4,818","6,908","7,374","7,948","5,522","4,323",748,25
충청남도 예산군 (4481000000),"76,540","76,540","3,235","5,365","6,369","5,694","8,952","12,888","15,740","10,306","7,011",945,35,"38,455","38,455","1,679","2,799","3,633","3,153","4,863","6,961","7,857","4,722","2,562",221,5,"38,085","38,085","1,556","2,566","2,736","2,541","4,089","5,927","7,883","5,584","4,449",724,30
충청남도 태안군 (4482500000),"61,400","61,400","2,789","4,203","4,627","4,559","7,395","10,452","12,960","8,801","4,866",730,18,"30,984","30,984","1,403","2,171","2,740","2,510","4,140","5,609","6,301","4,204","1,745",156,5,"30,416","30,416","1,386","2,032","1,887","2,049","3,255","4,843","6,659","4,597","3,121",574,13
전라북도 전주시 완산구 (4511100000),"334,790","334,790","22,655","34,352","48,116","38,782","51,221","57,248","44,629","24,365","11,593","1,784",45,"163,000","163,000","11,673","17,889","24,996","19,688","24,559","27,700","20,920","10,937","4,220",413,5,"171,790","171,790","10,982","16,463","23,120","19,094","26,662","29,548","23,709","13,428","7,373","1,371",40
전라북도 전주시 덕진구 (4511300000),"321,541","321,541","28,052","35,587","43,534","41,578","53,745","50,211","37,019","20,514","9,910","1,362",29,"159,944","159,944","14,291","18,267","23,226","21,041","26,789","25,291","17,797","9,190","3,730",318,4,"161,597","161,597","13,761","17,320","20,308","20,537","26,956","24,920","19,222","11,324","6,180","1,044",25
전라북도 군산시 (4513000000),"264,949","264,949","19,123","26,103","28,748","28,549","42,645","44,371","39,273","23,341","11,001","1,753",42,"134,073","134,073","9,729","13,518","15,826","14,983","22,304","23,362","19,424","10,707","3,854",361,5,"130,876","130,876","9,394","12,585","12,922","13,566","20,341","21,009","19,849","12,634","7,147","1,392",37
전라북도 익산시 (4514000000),"277,444","277,444","17,221","26,817","34,709","27,068","40,232","48,410","42,700","24,625","13,438","2,178",46,"138,133","138,133","8,844","13,727","18,877","14,170","20,560","24,671","21,134","11,157","4,507",480,6,"139,311","139,311","8,377","13,090","15,832","12,898","19,672","23,739","21,566","13,468","8,931","1,698",40
전라북도 정읍시 (4518000000),"106,403","106,403","5,759","9,159","10,138","8,328","14,036","18,137","17,874","12,922","8,712","1,296",42,"52,896","52,896","2,955","4,844","5,648","4,479","7,356","9,768","8,968","5,695","2,912",263,8,"53,507","53,507","2,804","4,315","4,490","3,849","6,680","8,369","8,906","7,227","5,800","1,033",34
전라북도 남원시 (4519000000),"79,099","79,099","4,527","6,999","7,175","5,981","10,035","13,557","13,600","9,595","6,544","1,053",33,"38,802","38,802","2,394","3,633","3,980","3,087","5,078","7,266","6,830","4,138","2,142",250,4,"40,297","40,297","2,133","3,366","3,195","2,894","4,957","6,291","6,770","5,457","4,402",803,29
전라북도 김제시 (4521000000),"80,869","80,869","3,809","6,048","6,867","6,107","9,554","13,200","15,170","11,063","7,720","1,292",39,"40,169","40,169","1,982","3,077","3,844","3,265","5,286","7,304","7,726","4,932","2,450",295,8,"40,700","40,700","1,827","2,971","3,023","2,842","4,268","5,896","7,444","6,131","5,270",997,31
전라북도 완주군 (4571000000),"91,072","91,072","6,230","8,165","8,613","8,771","13,245","15,300","14,932","9,259","5,650",888,19,"46,842","46,842","3,107","4,293","4,862","4,543","7,199","8,519","7,818","4,361","1,939",196,5,"44,230","44,230","3,123","3,872","3,751","4,228","6,046","6,781","7,114","4,898","3,711",692,14
전라북도 진안군 (4572000000),"24,974","24,974","1,116","1,606","1,780","1,489","2,538","4,375","5,292","3,702","2,671",396,9,"12,678","12,678",545,860,"1,023",735,"1,471","2,467","2,849","1,740",907,81,0,"12,296","12,296",571,746,757,754,"1,067","1,908","2,443","1,962","1,764",315,9
전라북도 무주군 (4573000000),"23,744","23,744","1,066","1,766","1,669","1,599","2,714","4,098","4,709","3,224","2,535",343,21,"11,835","11,835",569,891,927,892,"1,486","2,271","2,460","1,375",884,78,2,"11,909","11,909",497,875,742,707,"1,228","1,827","2,249","1,849","1,651",265,19
전라북도 장수군 (4574000000),"21,644","21,644","1,016","1,605","1,527","1,379","2,399","3,623","4,404","3,062","2,292",325,12,"10,798","10,798",525,814,880,705,"1,359","2,040","2,265","1,396",728,85,1,"10,846","10,846",491,791,647,674,"1,040","1,583","2,139","1,666","1,564",240,11
전라북도 임실군 (4575000000),"26,705","26,705","1,263","1,554","1,863","1,794","2,617","4,519","5,295","4,141","3,159",484,16,"13,663","13,663",652,828,"1,100",972,"1,579","2,584","2,876","1,890","1,060",119,3,"13,042","13,042",611,726,763,822,"1,038","1,935","2,419","2,251","2,099",365,13
전라북도 순창군 (4577000000),"26,730","26,730","1,225","2,138","1,875","1,710","3,060","4,395","5,083","3,910","2,897",419,18,"13,116","13,116",642,"1,096","1,079",846,"1,707","2,400","2,645","1,649",940,111,1,"13,614","13,614",583,"1,042",796,864,"1,353","1,995","2,438","2,261","1,957",308,17
전라북도 고창군 (4579000000),"53,269","53,269","2,437","4,026","3,952","3,515","5,876","8,765","10,132","7,995","5,634",912,25,"26,441","26,441","1,294","2,191","2,292","1,889","3,314","4,869","5,068","3,563","1,799",161,1,"26,828","26,828","1,143","1,835","1,660","1,626","2,562","3,896","5,064","4,432","3,835",751,24
전라북도 부안군 (4580000000),"50,690","50,690","2,300","3,488","3,924","3,579","5,766","8,546","9,958","7,610","4,817",683,19,"25,221","25,221","1,216","1,821","2,249","1,927","3,221","4,752","4,996","3,351","1,553",133,2,"25,469","25,469","1,084","1,667","1,675","1,652","2,545","3,794","4,962","4,259","3,264",550,17
전라남도 목포시 (4611000000),"218,605","218,605","16,062","23,793","26,169","23,338","36,112","36,235","30,058","18,022","7,775","1,013",28,"108,802","108,802","8,317","12,155","14,188","12,004","18,573","18,393","14,252","8,000","2,702",215,3,"109,803","109,803","7,745","11,638","11,981","11,334","17,539","17,842","15,806","10,022","5,073",798,25
전라남도 여수시 (4613000000),"276,544","276,544","19,263","25,534","32,501","29,421","40,593","48,172","42,526","25,236","11,491","1,762",45,"140,955","140,955","9,790","13,154","18,468","15,863","21,342","25,373","20,969","11,728","3,948",316,4,"135,589","135,589","9,473","12,380","14,033","13,558","19,251","22,799","21,557","13,508","7,543","1,446",41
전라남도 순천시 (4615000000),"280,607","280,607","22,301","29,229","36,207","32,486","42,418","49,184","36,781","19,406","10,827","1,717",51,"140,048","140,048","11,435","15,181","19,739","16,762","20,880","24,806","18,432","8,854","3,606",351,2,"140,559","140,559","10,866","14,048","16,468","15,724","21,538","24,378","18,349","10,552","7,221","1,366",49
전라남도 나주시 (4617000000),"116,749","116,749","9,695","9,639","12,039","14,380","16,791","17,500","17,159","11,336","7,072","1,108",30,"58,896","58,896","5,004","4,947","6,332","7,505","9,214","9,643","8,770","5,053","2,190",233,5,"57,853","57,853","4,691","4,692","5,707","6,875","7,577","7,857","8,389","6,283","4,882",875,25
전라남도 광양시 (4623000000),"151,637","151,637","12,614","15,669","19,402","18,173","23,288","29,674","18,604","8,450","4,869",874,20,"79,192","79,192","6,417","8,136","11,269","9,759","12,109","16,068","9,805","3,913","1,571",145,0,"72,445","72,445","6,197","7,533","8,133","8,414","11,179","13,606","8,799","4,537","3,298",729,20
전라남도 담양군 (4671000000),"46,216","46,216","2,158","2,975","4,471","3,534","5,105","8,204","8,822","6,130","4,157",633,27,"23,431","23,431","1,049","1,534","2,642","1,822","2,903","4,549","4,630","2,794","1,359",147,2,"22,785","22,785","1,109","1,441","1,829","1,712","2,202","3,655","4,192","3,336","2,798",486,25
전라남도 곡성군 (4672000000),"27,475","27,475",967,"1,828","2,136","1,600","2,874","4,732","5,325","4,071","3,337",591,14,"13,510","13,510",505,985,"1,172",850,"1,588","2,635","2,820","1,792","1,051",109,3,"13,965","13,965",462,843,964,750,"1,286","2,097","2,505","2,279","2,286",482,11
전라남도 구례군 (4673000000),"25,149","25,149","1,033","1,750","1,825","1,470","2,721","4,510","4,932","3,744","2,737",416,11,"12,238","12,238",492,916,"1,038",750,"1,460","2,499","2,501","1,605",892,84,1,"12,911","12,911",541,834,787,720,"1,261","2,011","2,431","2,139","1,845",332,10
전라남도 고흥군 (4677000000),"62,606","62,606","2,360","3,645","3,803","3,349","5,942","9,928","13,026","11,280","7,863","1,368",42,"30,504","30,504","1,176","1,967","2,240","1,796","3,428","5,639","6,528","4,962","2,481",281,6,"32,102","32,102","1,184","1,678","1,563","1,553","2,514","4,289","6,498","6,318","5,382","1,087",36
전라남도 보성군 (4678000000),"39,251","39,251","1,497","2,454","2,679","2,275","3,866","6,493","7,786","6,431","4,931",816,23,"19,146","19,146",778,"1,253","1,541","1,217","2,181","3,649","3,997","2,787","1,565",173,5,"20,105","20,105",719,"1,201","1,138","1,058","1,685","2,844","3,789","3,644","3,366",643,18
전라남도 화순군 (4679000000),"62,650","62,650","3,216","5,478","6,681","4,617","7,897","11,435","10,271","7,209","5,078",747,21,"30,942","30,942","1,631","2,860","3,618","2,366","4,012","6,210","5,432","3,095","1,547",169,2,"31,708","31,708","1,585","2,618","3,063","2,251","3,885","5,225","4,839","4,114","3,531",578,19
전라남도 장흥군 (4680000000),"36,405","36,405","1,774","2,601","2,824","2,462","3,812","6,123","6,748","5,338","4,038",672,13,"17,743","17,743",879,"1,379","1,611","1,307","2,103","3,395","3,351","2,332","1,253",130,3,"18,662","18,662",895,"1,222","1,213","1,155","1,709","2,728","3,397","3,006","2,785",542,10
전라남도 강진군 (4681000000),"33,620","33,620","1,519","2,372","2,631","2,219","3,516","5,507","6,484","5,021","3,719",619,13,"16,308","16,308",757,"1,221","1,495","1,141","1,932","3,008","3,277","2,195","1,170",105,7,"17,312","17,312",762,"1,151","1,136","1,078","1,584","2,499","3,207","2,826","2,549",514,6
전라남도 해남군 (4682000000),"67,071","67,071","3,559","4,972","5,319","4,470","7,642","11,280","12,792","9,805","6,285",923,24,"33,277","33,277","1,818","2,544","3,035","2,399","4,230","6,320","6,460","4,324","1,982",165,0,"33,794","33,794","1,741","2,428","2,284","2,071","3,412","4,960","6,332","5,481","4,303",758,24
전라남도 영암군 (4683000000),"52,946","52,946","3,148","4,258","4,852","4,388","7,210","9,468","8,648","6,154","4,207",602,11,"27,511","27,511","1,604","2,248","2,874","2,372","4,328","5,439","4,541","2,667","1,316",121,1,"25,435","25,435","1,544","2,010","1,978","2,016","2,882","4,029","4,107","3,487","2,891",481,10
전라남도 무안군 (4684000000),"91,013","91,013","8,056","9,767","9,405","10,981","14,586","13,498","11,625","7,889","4,564",623,19,"45,775","45,775","4,164","4,967","5,057","5,554","7,612","7,406","5,872","3,630","1,413",99,1,"45,238","45,238","3,892","4,800","4,348","5,427","6,974","6,092","5,753","4,259","3,151",524,18
전라남도 함평군 (4686000000),"31,126","31,126","1,169","1,960","2,291","1,819","3,244","5,325","6,198","4,890","3,676",538,16,"15,675","15,675",605,"1,059","1,343",999,"1,919","3,125","3,292","2,083","1,133",117,0,"15,451","15,451",564,901,948,820,"1,325","2,200","2,906","2,807","2,543",421,16
전라남도 영광군 (4687000000),"51,980","51,980","3,609","3,942","4,629","4,567","6,239","8,426","8,728","6,884","4,383",547,26,"25,949","25,949","1,805","2,050","2,637","2,347","3,466","4,691","4,466","2,999","1,374",114,0,"26,031","26,031","1,804","1,892","1,992","2,220","2,773","3,735","4,262","3,885","3,009",433,26
전라남도 장성군 (4688000000),"43,356","43,356","2,395","3,123","3,841","3,336","5,243","7,483","7,699","5,714","3,965",539,18,"22,222","22,222","1,196","1,631","2,309","1,808","2,911","4,288","4,116","2,554","1,290",117,2,"21,134","21,134","1,199","1,492","1,532","1,528","2,332","3,195","3,583","3,160","2,675",422,16
전라남도 완도군 (4689000000),"48,415","48,415","2,858","3,464","3,490","3,544","5,890","7,810","8,745","7,313","4,641",645,15,"24,374","24,374","1,482","1,806","2,072","1,890","3,443","4,401","4,382","3,269","1,498",130,1,"24,041","24,041","1,376","1,658","1,418","1,654","2,447","3,409","4,363","4,044","3,143",515,14
전라남도 진도군 (4690000000),"29,969","29,969","1,530","2,112","2,386","2,055","3,372","4,945","5,530","4,497","3,130",402,10,"14,859","14,859",751,"1,067","1,413","1,088","1,953","2,798","2,821","1,967",930,71,0,"15,110","15,110",779,"1,045",973,967,"1,419","2,147","2,709","2,530","2,200",331,10
전라남도 신안군 (4691000000),"38,061","38,061","1,395","1,915","2,492","2,427","4,115","6,832","7,984","6,171","4,198",523,9,"20,396","20,396",707,983,"1,534","1,519","2,728","4,220","4,430","2,876","1,295",100,4,"17,665","17,665",688,932,958,908,"1,387","2,612","3,554","3,295","2,903",423,5
경상북도 포항시 남구 (4711100000),"230,268","230,268","16,111","20,907","26,301","25,534","35,547","40,714","38,566","18,262","7,302",998,26,"119,182","119,182","8,316","10,972","15,752","13,977","18,472","21,223","19,049","8,762","2,493",165,1,"111,086","111,086","7,795","9,935","10,549","11,557","17,075","19,491","19,517","9,500","4,809",833,25
경상북도 포항시 북구 (4711300000),"272,436","272,436","20,679","25,101","29,687","31,355","41,115","48,047","44,897","20,749","9,373","1,399",34,"135,553","135,553","10,763","13,134","16,589","16,434","20,263","23,425","21,809","9,696","3,169",265,6,"136,883","136,883","9,916","11,967","13,098","14,921","20,852","24,622","23,088","11,053","6,204","1,134",28
경상북도 경주시 (4713000000),"251,505","251,505","15,132","20,186","25,300","24,237","35,607","46,592","43,702","25,003","13,742","1,949",55,"125,820","125,820","7,748","10,532","14,270","12,943","18,520","24,094","21,700","11,227","4,392",389,5,"125,685","125,685","7,384","9,654","11,030","11,294","17,087","22,498","22,002","13,776","9,350","1,560",50
경상북도 김천시 (4715000000),"140,039","140,039","9,843","12,183","13,901","14,349","19,202","23,578","23,522","13,598","8,537","1,294",32,"70,215","70,215","5,084","6,622","7,798","7,523","10,077","12,300","11,643","6,066","2,817",283,2,"69,824","69,824","4,759","5,561","6,103","6,826","9,125","11,278","11,879","7,532","5,720","1,011",30
경상북도 안동시 (4717000000),"156,533","156,533","9,818","13,358","16,042","14,790","21,578","25,662","26,868","16,711","10,099","1,560",47,"77,396","77,396","5,093","7,013","8,700","7,806","11,076","13,242","13,067","7,544","3,511",335,9,"79,137","79,137","4,725","6,345","7,342","6,984","10,502","12,420","13,801","9,167","6,588","1,225",38
경상북도 구미시 (4719000000),"411,476","411,476","38,018","44,044","53,788","62,265","72,811","70,118","43,916","16,711","8,480","1,291",34,"211,543","211,543","19,559","22,929","30,269","33,348","36,747","35,730","22,556","7,472","2,685",246,2,"199,933","199,933","18,459","21,115","23,519","28,917","36,064","34,388","21,360","9,239","5,795","1,045",32
경상북도 영주시 (4721000000),"101,786","101,786","5,678","8,546","9,341","8,062","13,394","17,270","19,244","11,885","7,200","1,120",46,"50,515","50,515","2,947","4,484","5,427","4,343","6,878","8,930","9,298","5,402","2,555",245,6,"51,271","51,271","2,731","4,062","3,914","3,719","6,516","8,340","9,946","6,483","4,645",875,40
경상북도 영천시 (4723000000),"101,513","101,513","5,469","6,496","9,387","9,059","12,155","17,984","19,816","12,798","7,377",951,21,"51,553","51,553","2,781","3,455","5,510","4,920","6,684","9,645","10,030","5,871","2,426",226,5,"49,960","49,960","2,688","3,041","3,877","4,139","5,471","8,339","9,786","6,927","4,951",725,16
경상북도 상주시 (4725000000),"95,849","95,849","4,864","7,443","7,615","6,966","10,959","16,134","19,256","12,408","8,749","1,415",40,"47,021","47,021","2,547","3,934","4,373","3,753","5,782","8,581","9,533","5,471","2,779",265,3,"48,828","48,828","2,317","3,509","3,242","3,213","5,177","7,553","9,723","6,937","5,970","1,150",37
경상북도 문경시 (4728000000),"71,106","71,106","3,781","5,342","6,123","5,377","8,545","11,788","14,174","9,192","5,867",879,38,"34,863","34,863","1,923","2,896","3,422","2,846","4,545","6,154","6,930","4,042","1,922",178,5,"36,243","36,243","1,858","2,446","2,701","2,531","4,000","5,634","7,244","5,150","3,945",701,33
경상북도 경산시 (4729000000),"268,087","268,087","19,427","22,902","35,887","32,610","41,678","45,902","37,829","20,399","10,118","1,305",30,"134,850","134,850","9,887","11,860","19,629","17,588","21,350","23,007","18,560","9,116","3,556",292,5,"133,237","133,237","9,540","11,042","16,258","15,022","20,328","22,895","19,269","11,283","6,562","1,013",25
경상북도 군위군 (4772000000),"23,053","23,053",605,909,"1,366","1,215","2,010","4,170","5,630","4,020","2,746",366,16,"11,799","11,799",332,491,820,718,"1,148","2,368","3,012","1,894",939,76,1,"11,254","11,254",273,418,546,497,862,"1,802","2,618","2,126","1,807",290,15
경상북도 의성군 (4773000000),"50,487","50,487","1,775","2,148","2,766","2,927","4,396","8,127","12,240","8,809","6,381",901,17,"24,753","24,753",937,"1,129","1,608","1,628","2,558","4,444","6,223","3,903","2,121",201,1,"25,734","25,734",838,"1,019","1,158","1,299","1,838","3,683","6,017","4,906","4,260",700,16
경상북도 청송군 (4775000000),"24,546","24,546",905,"1,131","1,567","1,580","2,223","4,415","5,775","3,988","2,590",360,12,"12,275","12,275",474,600,949,931,"1,265","2,367","2,900","1,805",900,83,1,"12,271","12,271",431,531,618,649,958,"2,048","2,875","2,183","1,690",277,11
경상북도 영양군 (4776000000),"16,248","16,248",654,873,"1,044",988,"1,585","2,814","3,640","2,552","1,802",283,13,"8,108","8,108",339,451,601,540,944,"1,588","1,852","1,116",609,66,2,"8,140","8,140",315,422,443,448,641,"1,226","1,788","1,436","1,193",217,11
경상북도 영덕군 (4777000000),"35,187","35,187","1,443","1,996","2,186","2,094","3,610","5,969","7,567","5,744","3,988",576,14,"16,730","16,730",732,"1,033","1,277","1,098","1,966","3,222","3,664","2,397","1,227",114,0,"18,457","18,457",711,963,909,996,"1,644","2,747","3,903","3,347","2,761",462,14
경상북도 청도군 (4782000000),"41,856","41,856","1,404","2,244","2,522","2,500","4,267","7,074","9,964","6,732","4,454",686,9,"20,592","20,592",719,"1,144","1,475","1,340","2,377","3,764","5,071","3,130","1,433",139,0,"21,264","21,264",685,"1,100","1,047","1,160","1,890","3,310","4,893","3,602","3,021",547,9
경상북도 고령군 (4783000000),"30,610","30,610","1,285","1,889","2,278","2,008","3,545","5,709","6,642","4,129","2,754",366,5,"15,722","15,722",664,"1,008","1,323","1,098","1,987","3,232","3,543","1,874",903,89,1,"14,888","14,888",621,881,955,910,"1,558","2,477","3,099","2,255","1,851",277,4
경상북도 성주군 (4784000000),"42,972","42,972","1,812","2,200","3,150","3,134","4,516","8,028","9,934","6,031","3,604",552,11,"22,308","22,308",920,"1,196","1,890","1,714","2,664","4,449","5,299","2,845","1,213",116,2,"20,664","20,664",892,"1,004","1,260","1,420","1,852","3,579","4,635","3,186","2,391",436,9
경상북도 칠곡군 (4785000000),"113,664","113,664","8,486","11,311","11,463","13,473","20,602","20,098","15,056","7,737","4,721",698,19,"59,207","59,207","4,384","5,920","6,591","7,305","11,064","10,911","7,860","3,460","1,540",171,1,"54,457","54,457","4,102","5,391","4,872","6,168","9,538","9,187","7,196","4,277","3,181",527,18
경상북도 예천군 (4790000000),"55,704","55,704","4,384","4,484","3,964","5,176","7,273","7,882","9,839","6,773","5,163",742,24,"27,381","27,381","2,218","2,368","2,237","2,620","3,876","4,161","4,938","3,056","1,759",147,1,"28,323","28,323","2,166","2,116","1,727","2,556","3,397","3,721","4,901","3,717","3,404",595,23
경상북도 봉화군 (4792000000),"30,635","30,635","1,187","1,774","1,811","1,707","3,004","5,437","7,158","4,662","3,347",528,20,"15,488","15,488",613,948,"1,094",941,"1,737","2,960","3,754","2,142","1,175",124,0,"15,147","15,147",574,826,717,766,"1,267","2,477","3,404","2,520","2,172",404,20
경상북도 울진군 (4793000000),"47,552","47,552","2,632","3,518","4,170","3,986","5,936","8,292","8,848","5,533","3,915",710,12,"23,877","23,877","1,361","1,882","2,476","2,218","3,225","4,573","4,406","2,432","1,181",122,1,"23,675","23,675","1,271","1,636","1,694","1,768","2,711","3,719","4,442","3,101","2,734",588,11
경상북도 울릉군 (4794000000),"8,914","8,914",371,434,848,792,"1,200","1,784","1,826","1,059",519,80,1,"4,887","4,887",188,220,531,461,748,"1,049",963,497,211,19,0,"4,027","4,027",183,214,317,331,452,735,863,562,308,61,1
경상남도 창원시 의창구 (4812100000),"217,623","217,623","16,838","19,293","27,486","27,936","33,863","41,048","32,485","12,489","5,410",759,16,"110,869","110,869","8,614","10,124","15,415","14,782","17,428","20,151","16,461","5,997","1,770",124,3,"106,754","106,754","8,224","9,169","12,071","13,154","16,435","20,897","16,024","6,492","3,640",635,13
경상남도 창원시 성산구 (4812300000),"250,618","250,618","18,044","25,506","36,159","34,339","40,144","50,729","32,115","9,201","3,773",598,10,"127,772","127,772","9,288","13,415","20,243","18,445","19,363","24,403","16,864","4,506","1,146",96,3,"122,846","122,846","8,756","12,091","15,916","15,894","20,781","26,326","15,251","4,695","2,627",502,7
경상남도 창원시 마산합포구 (4812500000),"181,306","181,306","13,070","14,280","18,719","21,135","26,882","29,352","31,858","17,214","7,693","1,085",18,"90,148","90,148","6,770","7,385","10,330","11,137","14,184","14,656","15,042","7,776","2,638",226,4,"91,158","91,158","6,300","6,895","8,389","9,998","12,698","14,696","16,816","9,438","5,055",859,14
경상남도 창원시 마산회원구 (4812700000),"186,028","186,028","11,963","17,390","20,724","19,977","29,285","33,387","31,178","15,517","5,930",665,12,"93,202","93,202","6,164","9,096","11,488","10,639","14,972","16,627","14,875","7,061","2,159",120,1,"92,826","92,826","5,799","8,294","9,236","9,338","14,313","16,760","16,303","8,456","3,771",545,11
경상남도 창원시 진해구 (4812900000),"194,736","194,736","17,812","21,260","20,703","25,342","36,033","29,634","25,118","12,338","5,734",751,11,"100,021","100,021","9,303","11,000","11,862","13,412","18,920","15,478","12,243","5,585","2,068",148,2,"94,715","94,715","8,509","10,260","8,841","11,930","17,113","14,156","12,875","6,753","3,666",603,9
경상남도 진주시 (4817000000),"346,328","346,328","26,438","34,615","43,896","40,425","53,208","57,082","49,220","26,074","13,392","1,920",58,"171,158","171,158","13,671","18,180","24,170","20,897","26,411","28,226","23,490","11,468","4,265",373,7,"175,170","175,170","12,767","16,435","19,726","19,528","26,797","28,856","25,730","14,606","9,127","1,547",51
경상남도 통영시 (4822000000),"124,941","124,941","8,297","12,624","10,393","12,019","20,788","21,913","21,594","11,428","5,177",697,11,"62,662","62,662","4,153","6,513","5,797","6,171","11,098","11,396","10,498","5,249","1,654",133,0,"62,279","62,279","4,144","6,111","4,596","5,848","9,690","10,517","11,096","6,179","3,523",564,11
경상남도 사천시 (4824000000),"109,743","109,743","7,460","10,130","10,192","10,981","17,343","18,327","17,419","10,815","6,132",920,24,"55,336","55,336","3,869","5,227","6,106","5,996","9,114","9,776","8,451","4,694","1,946",152,5,"54,407","54,407","3,591","4,903","4,086","4,985","8,229","8,551","8,968","6,121","4,186",768,19
경상남도 김해시 (4825000000),"537,125","537,125","45,254","60,026","65,806","65,541","96,004","98,954","64,133","27,402","12,419","1,555",31,"271,662","271,662","23,134","31,099","36,036","33,938","47,699","50,611","32,778","12,150","3,944",268,5,"265,463","265,463","22,120","28,927","29,770","31,603","48,305","48,343","31,355","15,252","8,475","1,287",26
경상남도 밀양시 (4827000000),"103,361","103,361","5,159","7,411","8,553","8,290","12,596","18,123","22,067","12,864","7,313",964,21,"50,789","50,789","2,645","3,868","4,996","4,385","6,642","9,242","10,857","5,711","2,257",183,3,"52,572","52,572","2,514","3,543","3,557","3,905","5,954","8,881","11,210","7,153","5,056",781,18
경상남도 거제시 (4831000000),"240,059","240,059","23,629","27,856","22,341","31,894","47,278","40,227","29,175","11,462","5,302",871,24,"125,673","125,673","12,218","14,561","12,680","16,530","25,574","21,842","14,922","5,511","1,693",136,6,"114,386","114,386","11,411","13,295","9,661","15,364","21,704","18,385","14,253","5,951","3,609",735,18
경상남도 양산시 (4833000000),"354,489","354,489","32,222","34,808","38,939","46,632","61,706","59,747","47,213","22,213","9,743","1,237",29,"177,713","177,713","16,507","17,769","21,014","23,969","31,449","30,021","23,191","10,074","3,449",266,4,"176,776","176,776","15,715","17,039","17,925","22,663","30,257","29,726","24,022","12,139","6,294",971,25
경상남도 의령군 (4872000000),"26,332","26,332",983,"1,428","1,798","1,594","2,683","4,470","5,858","3,849","3,139",523,7,"12,979","12,979",517,747,"1,042",858,"1,527","2,489","3,124","1,652",910,112,1,"13,353","13,353",466,681,756,736,"1,156","1,981","2,734","2,197","2,229",411,6
경상남도 함안군 (4873000000),"62,461","62,461","3,511","5,745","4,977","4,949","8,849","10,951","11,863","6,678","4,292",637,9,"31,792","31,792","1,785","3,063","2,959","2,535","4,738","6,042","6,229","3,028","1,297",114,2,"30,669","30,669","1,726","2,682","2,018","2,414","4,111","4,909","5,634","3,650","2,995",523,7
경상남도 창녕군 (4874000000),"59,950","59,950","2,812","4,063","4,326","4,583","6,820","10,558","12,828","7,961","5,229",753,17,"29,905","29,905","1,452","2,188","2,520","2,524","3,784","5,702","6,464","3,546","1,590",134,1,"30,045","30,045","1,360","1,875","1,806","2,059","3,036","4,856","6,364","4,415","3,639",619,16
경상남도 고성군 (4882000000),"50,224","50,224","2,220","3,962","3,621","3,330","5,980","8,871","10,271","6,777","4,439",740,13,"25,193","25,193","1,121","2,147","2,162","1,837","3,285","4,901","5,148","3,080","1,380",131,1,"25,031","25,031","1,099","1,815","1,459","1,493","2,695","3,970","5,123","3,697","3,059",609,12
경상남도 남해군 (4884000000),"42,235","42,235","1,516","2,798","2,958","2,274","4,335","7,047","8,701","6,630","4,989",972,15,"20,463","20,463",781,"1,549","1,835","1,200","2,285","3,837","4,301","2,971","1,524",179,1,"21,772","21,772",735,"1,249","1,123","1,074","2,050","3,210","4,400","3,659","3,465",793,14
경상남도 하동군 (4885000000),"43,256","43,256","1,613","2,635","2,944","2,480","4,494","7,964","9,472","6,273","4,556",809,16,"21,589","21,589",835,"1,427","1,750","1,364","2,506","4,376","4,958","2,803","1,409",158,3,"21,667","21,667",778,"1,208","1,194","1,116","1,988","3,588","4,514","3,470","3,147",651,13
경상남도 산청군 (4886000000),"34,244","34,244","1,153","1,972","2,204","1,902","3,271","6,225","7,847","5,201","3,835",618,16,"16,883","16,883",588,"1,074","1,255","1,027","1,806","3,399","4,104","2,357","1,148",123,2,"17,361","17,361",565,898,949,875,"1,465","2,826","3,743","2,844","2,687",495,14
경상남도 함양군 (4887000000),"38,321","38,321","1,689","2,783","2,869","2,399","4,075","6,704","7,807","5,336","4,009",637,13,"18,540","18,540",864,"1,454","1,634","1,240","2,197","3,607","3,938","2,242","1,237",125,2,"19,781","19,781",825,"1,329","1,235","1,159","1,878","3,097","3,869","3,094","2,772",512,11
경상남도 거창군 (4888000000),"60,828","60,828","3,451","5,805","5,530","4,656","7,407","10,202","10,940","6,924","5,075",814,24,"29,844","29,844","1,793","3,157","3,266","2,428","3,748","5,343","5,402","2,911","1,604",189,3,"30,984","30,984","1,658","2,648","2,264","2,228","3,659","4,859","5,538","4,013","3,471",625,21
경상남도 합천군 (4889000000),"42,797","42,797","1,418","2,282","2,716","2,302","3,937","7,142","9,669","6,984","5,561",763,23,"20,714","20,714",743,"1,190","1,569","1,280","2,222","4,002","4,950","2,960","1,648",149,1,"22,083","22,083",675,"1,092","1,147","1,022","1,715","3,140","4,719","4,024","3,913",614,22
제주특별자치도 제주시 (5011000000),"492,919","492,919","43,364","52,652","61,704","61,117","81,910","83,037","58,924","30,592","16,516","2,968",135,"246,383","246,383","22,272","27,454","32,474","30,831","41,518","42,607","29,151","13,916","5,678",476,6,"246,536","246,536","21,092","25,198","29,230","30,286","40,392","40,430","29,773","16,676","10,838","2,492",129
제주특별자치도 서귀포시 (5013000000),"184,224","184,224","14,276","17,615","18,499","19,432","29,510","32,449","26,593","15,469","8,929","1,376",76,"92,865","92,865","7,331","9,249","9,978","9,689","15,501","17,364","13,274","7,178","3,068",230,3,"91,359","91,359","6,945","8,366","8,521","9,743","14,009","15,085","13,319","8,291","5,861","1,146",73
